id_persona,id_vehiculo,periodo,des_clase,des_marca,des_modelo,num_anio_fabricacion,mto_valor_actual_usuario,flag_cross,score_siniestralidad,mto_valor_actual,antiguedad_vehiculo,cal_gral,ctd_ent_sbs,participacion_deuda_vehicular,mto_saldo_sbs,num_edad,nse,val_scoring_ingreso,mto_scoring_ingreso_prom,mto_ratio_saldo_tc_ingreso,mto_ratio_saldo_ingreso,mto_ratio_saldo_veh_ingreso,riesgo,riesgo_ch,ground_truth,pred
AX-1762750,BOU530,2024-02-01,AUTOMOVIL,MAZDA,3,2005.0,,False,1. VERDE,,,NORMAL,4.0,0.0,22696.58,48,B2,8.320346,3039.0,0.4807634090161237,7.46843698585061,0.0,BR1,no,BR1,
AX-2068762,BPV681,2024-02-01,AUTOMOVIL,AUDI,A3,2018.0,,False,1. VERDE,,,NORMAL,5.0,0.218783743,267881.33,50,A2,14.802837,9909.0,2.1225310323947926,27.03414370774044,5.914631143404986,BR1,no,BR1,
AX-272600,BDU333,2024-02-01,AUTOMOVIL,AUDI,A4,2017.0,,False,1. VERDE,,,NORMAL,3.0,0.0,1955143.3,55,B1,11.077359,5024.0,17.49246616242038,389.16068869426755,0.0,BR1,no,BR1,
AX-3970626,AER456,2024-02-01,AUTOMOVIL,AUDI,A6,2014.0,,False,1. VERDE,,,NORMAL,3.0,0.0,551342.12,39,A1,15.725129,11723.0,3.506287639682675,47.03080440160368,0.0,BR1,no,BR1,
AX-8556418,BKV042,2024-02-01,CAMIONETA,LEXUS,GX,2019.0,,False,1. VERDE,,,NORMAL,4.0,0.0,58231.33,37,C1,6.503348,2182.0,11.40353345554537,26.687135655362052,0.0,BR1,no,BR1,
AX-12277530,AJW200,2024-02-01,CAMIONETA,GREAT WALL,H6,2014.0,,False,1. VERDE,,,NORMAL,3.0,0.0,2879.24,36,A2,11.61393,5540.0,0.5197184115523465,0.5197184115523465,0.0,BR1,CHINOS,BR1,
AX-6410408,BPR146,2024-02-01,CAMIONETA,LEXUS,NX,2019.0,,False,1. VERDE,,,NORMAL,2.0,0.0,27381.96,51,A1,18.17566,18327.0,1.4940775904403338,1.4940775904403338,0.0,BR1,no,BR1,
AX-2077292,BRC400,2024-02-01,CAMIONETA,JAC,S3,2020.0,,False,1. VERDE,,,NORMAL,4.0,0.0,18442.19,40,B1,8.462056,3750.5,4.294136781762432,4.917261698440208,0.0,BR1,CHINOS,BR1,
AX-171256,API140,2024-02-01,AUTOMOVIL,JAGUAR,XE,2016.0,,False,1. VERDE,,,NORMAL,7.0,0.0,19331.63,57,A2,14.004795,8567.0,2.256522703396755,2.256522703396755,0.0,BR1,no,BR1,
AX-24469946,ANW119,2024-02-01,AUTOMOVIL,JAGUAR,XE,2016.0,,False,1. VERDE,,,NORMAL,7.0,0.0,81061.23,33,C1,6.097504,2026.0,13.485656465942744,40.01047877591313,0.0,BR1,no,BR1,
AX-1578572,F3S647,2024-02-01,AUTOMOVIL,PEUGEOT,308,2013.0,,False,1. VERDE,,,PERDIDA,3.0,0.0,9881.43,45,A2,8.259143,3005.0,2.289993344425957,3.2883294509151417,0.0,BR1,no,BR1,
AX-20221626,BTJ460,2024-02-01,CAMION,SUZUKI,APV,2020.0,,False,1. VERDE,,,DEFICIENTE,1.0,0.0,312.0,25,C1,3.217068,1199.0,0.2602168473728107,0.2602168473728107,0.0,BR1,no,BR1,
AX-1822163,T6D320,2024-02-01,CAMIONETA,TOYOTA,CHR,2022.0,,False,1. VERDE,,,NORMAL,2.0,0.0,23813.59,55,C1,4.410922,1490.0,0.8977785234899329,15.982275167785234,0.0,BR1,no,BR1,
AX-4656375,BUB067,2024-02-01,CAMIONETA,MAZDA,CX5,2021.0,,False,1. VERDE,,,NORMAL,1.0,0.0,4701.8,35,C1,6.794972,2301.0,2.043372446762277,2.043372446762277,0.0,BR1,no,BR1,
AX-4654430,BJV367,2024-02-01,CAMIONETA,MAZDA,CX5,2020.0,,False,1. VERDE,,,NORMAL,2.0,0.0,98317.79,53,A2,10.460408,4489.0,1.0917331254176876,21.901935843172197,0.0,BR1,no,BR1,
AX-2287477,BVA127,2024-02-01,CAMIONETA,MAZDA,CX5,2021.0,,False,1. VERDE,,,NORMAL,3.0,0.0,833.9,56,A2,13.84902,8327.0,0.10014410952323766,0.10014410952323766,0.0,BR1,no,BR1,
AX-3883180,BBI399,2024-02-01,CAMIONETA,MAZDA,CX5,2017.0,,False,1. VERDE,,,NORMAL,3.0,0.0,46817.67,53,A2,10.796977,4773.0,9.808856065367692,9.808856065367692,0.0,BR1,no,BR1,
AX-3015263,BHB268,2024-02-01,CAMIONETA,MAZDA,CX5,2018.0,,False,1. VERDE,,,NORMAL,3.0,0.0,5549.06,32,B2,6.198449,3250.5,1.6696354407014304,1.7071404399323182,0.0,BR1,no,BR1,
AX-6502894,BCM110,2024-02-01,CAMIONETA,MAZDA,CX5,2018.0,,False,1. VERDE,,,NORMAL,4.0,0.0,5856.43,28,A2,6.532123,4250.5,0.30782025644041877,1.377821432772615,0.0,BR1,no,BR1,
AX-10262966,AYG653,2024-02-01,CAMIONETA,MAZDA,CX5,2017.0,,False,1. VERDE,,,PERDIDA,4.0,0.986731432,42506.47,34,B1,7.159644,6750.5,0.08354936671357677,6.2967883860454785,6.213239019331901,BR1,no,BR1,
AX-1881183,BVB349,2024-02-01,CAMIONETA,MAZDA,CX5,2021.0,,False,1. VERDE,,,NORMAL,4.0,0.0,118851.44,46,A2,11.79264,5724.0,2.5137491264849756,20.763703703703705,0.0,BR1,no,BR1,
AX-6420958,BPZ342,2024-02-01,AUTOMOVIL,VOLKSWAGEN,GOL,2020.0,,False,1. VERDE,,,NORMAL,1.0,0.0,4106.99,47,B1,7.493206,2614.0,1.571151491966335,1.571151491966335,0.0,RM,no,RM,
AX-6980299,BJY018,2024-02-01,AUTOMOVIL,VOLKSWAGEN,GOL,2018.0,,False,1. VERDE,,,NORMAL,2.0,0.0,12493.63,39,C1,5.087093,1685.0,1.979946587537092,7.414617210682492,0.0,RM,no,RM,
AX-7335984,A9J436,2024-02-01,AUTOMOVIL,VOLKSWAGEN,GOL,2011.0,,False,1. VERDE,,,NORMAL,6.0,0.0,173126.39,69,A2,11.67863,5606.0,2.5510845522654297,30.882338565822337,0.0,RM,no,RM,
AX-8827486,BWL341,2024-02-01,CAMIONETA,HONDA,HRV,2021.0,,False,1. VERDE,,,NORMAL,7.0,0.0,32338.57,41,B2,8.031694,2883.0,7.775275754422476,11.21698577870274,0.0,RM,no,RM,
AX-5385345,AVW498,2024-02-01,,HYUNDAI,I20,2016.0,,False,1. VERDE,,,NORMAL,4.0,0.0,17045.72,52,A2,8.260538,4250.5,4.010285848723679,4.010285848723679,0.0,BR1,no,BR1,
AX-1649817,BAF407,2024-02-01,CAMIONETA,HYUNDAI,I20,2017.0,,False,1. VERDE,,,NORMAL,4.0,0.0,14557.7,63,B1,9.584353,3827.0,3.803945649333682,3.803945649333682,0.0,BR1,no,BR1,
AX-13514805,CAJ323,2024-02-01,AUTOMOVIL,CHEVROLET,JOY,2022.0,,False,1. VERDE,,,NORMAL,3.0,0.0,58862.05,30,B2,10.713105,4701.0,9.653431184854286,12.521176345458414,0.0,AR,no,AR,
AX-9780063,BHV343,2024-02-01,AUTOMOVIL,KIA,RIO,2018.0,,False,1. VERDE,,,PERDIDA,1.0,0.0,4505.72,40,B1,8.941823,5750.5,0.7835353447526302,0.7835353447526302,0.0,RM,no,RM,
AX-8679460,BNX632,2024-02-01,AUTOMOVIL,KIA,RIO,2020.0,,False,1. VERDE,,,NORMAL,1.0,0.0,34617.02,31,A2,12.001741,5946.0,1.1858022199798184,5.821900437268751,0.0,RM,no,RM,
AX-5145292,BRH691,2024-02-01,AUTOMOVIL,KIA,RIO,2020.0,,False,1. VERDE,,,NORMAL,2.0,0.0,1636.25,34,A2,5.825213,5250.5,0.21595848014474814,0.31163698695362346,0.0,RM,no,RM,
AX-1738298,BFP595,2024-02-01,AUTOMOVIL,KIA,RIO,2017.0,,False,1. VERDE,,,NORMAL,2.0,0.0,330.83,48,A2,4.915377,1950.5,0.16961291976416304,0.16961291976416304,0.0,RM,no,RM,
AX-7358346,BNF177,2024-02-01,AUTOMOVIL,KIA,RIO,2019.0,,False,1. VERDE,,,NORMAL,2.0,0.0,18585.35,56,B1,11.772453,5703.0,3.2588725232333857,3.2588725232333857,0.0,RM,no,RM,
AX-8162996,F3O507,2024-02-01,AUTOMOVIL,SUZUKI,RIO,2007.0,,False,1. VERDE,,,NORMAL,3.0,0.0,3032.93,68,A1,14.068565,8667.0,0.3499400023076035,0.3499400023076035,0.0,RM,no,RM,
AX-10315299,AYP315,2024-02-01,AUTOMOVIL,KIA,RIO,2017.0,,False,1. VERDE,,,DUDOSO,4.0,0.0,7177.75,24,C1,4.574128,1535.0,2.030970684039088,4.6760586319218245,0.0,RM,no,RM,
AX-4642398,KI9348,2024-02-01,AUTOMOVIL,VOLKSWAGEN,1300,1977.0,,False,1. VERDE,,,NORMAL,1.0,0.0,62103.86,42,B2,9.349515,3666.0,0.0,16.94049645390071,0.0,BR1,no,BR1,
AX-30663212,D2B171,2024-02-01,AUTOMOVIL,VOLKSWAGEN,1300,1975.0,,False,1. VERDE,,,NORMAL,1.0,0.0,219.91,36,B1,6.491644,2177.0,0.10101515847496555,0.10101515847496555,0.0,BR1,no,BR1,
AX-8445589,M2W169,2024-02-01,AUTOMOVIL,VOLKSWAGEN,1300,1972.0,,False,1. VERDE,,,PERDIDA,2.0,0.0,111255.79,47,A2,8.489695,3134.0,4.54397574984046,35.49961391193363,0.0,BR1,no,BR1,
AX-10360220,BTT572,2024-02-01,,BMW,218I,2021.0,,False,1. VERDE,,,NORMAL,3.0,0.0,354157.98,42,B1,10.167671,4256.0,0.4447955827067669,83.21381109022556,0.0,BR1,no,BR1,
AX-2622775,BMB815,2024-02-01,CAMIONETA,MAZDA,BT50,2021.0,,False,1. VERDE,,,NORMAL,1.0,0.0,379.78,44,C1,4.15989,1423.0,0.0,0.26688685874912155,0.0,BR1,no,BR1,
AX-2885730,BBE839,2024-02-01,CAMIONETA,MAZDA,BT50,2018.0,,False,1. VERDE,,,CON PROBLEMAS POTENCIALES,3.0,0.0,207864.82,30,B2,10.058254,4172.0,5.13785953978907,49.82378235858102,0.0,BR1,no,BR1,
AX-10713712,Z2F214,2024-02-01,AUTOMOVIL,MITSUBISHI,COLT,2003.0,,False,1. VERDE,,,NORMAL,4.0,0.0,18996.15,50,B1,6.341116,2118.0,0.23034938621340886,8.968909348441928,0.0,BR1,no,BR1,
AX-30016564,AYY629,2024-02-01,CAMIONETA,HONDA,CR-V,2007.0,,False,1. VERDE,,,NORMAL,1.0,0.0,7572.06,24,C1,5.243489,1734.0,4.36681660899654,4.36681660899654,0.0,BR2,no,BR2,
AX-2532848,D1X365,2024-02-01,CAMIONETA,HONDA,CR-V,2012.0,,False,1. VERDE,,,NORMAL,1.0,1.0,118899.81,50,A2,9.090943,6250.5,0.0,19.022447804175666,19.022447804175666,BR2,no,BR2,
AX-1580149,A6A523,2024-02-01,CAMIONETA,HONDA,CR-V,2010.0,,False,1. VERDE,,,NORMAL,3.0,0.0,1259.06,57,A2,7.46301,2599.0,0.484440169295883,0.484440169295883,0.0,BR2,no,BR2,
AX-7730125,AYQ590,2024-02-01,CAMIONETA,HONDA,CR-V,2017.0,,False,1. VERDE,,,NORMAL,4.0,0.0,8096.73,36,A2,13.092988,7255.0,1.1160206753962785,1.1160206753962785,0.0,BR2,no,BR2,
AX-4723284,BNG687,2024-02-01,CAMIONETA,CHANGAN,CS55,2020.0,,False,1. VERDE,,,NORMAL,5.0,0.0,6263.97,49,B1,7.881864,2805.0,2.233144385026738,2.233144385026738,0.0,BR1,CHINOS,BR1,
AX-7050840,AXG614,2024-02-01,CAMIONETA,MAZDA,CX-3,2017.0,,False,1. VERDE,,,PERDIDA,1.0,0.0,12166.54,45,B1,7.614081,2672.0,4.553345808383233,4.553345808383233,0.0,RM,no,RM,
AX-3092967,AYF587,2024-02-01,CAMIONETA,FORD,EDGE,2017.0,,False,1. VERDE,,,NORMAL,4.0,0.0,440933.76,40,A1,16.875569,15500.5,5.428893906648173,28.446421728331345,0.0,BR1,no,BR1,
AX-10096250,M2Q892,2024-02-01,CAMION,MITSUBISHI,FUSO,1994.0,,False,1. VERDE,,,DUDOSO,2.0,0.0,111245.99,32,D,2.872774,1126.0,0.0,98.79750444049733,0.0,BR1,no,BR1,
AX-2532065,B8K745,2024-02-01,CAMION,HYUNDAI,H100,2011.0,,False,1. VERDE,,,NORMAL,2.0,0.0,2665.49,63,B2,6.231063,2076.0,1.2839547206165702,1.2839547206165702,0.0,BR1,no,BR1,
AX-9439703,BPL854,2024-02-01,CAMIONETA,MITSUBISHI,L200,2022.0,,False,1. VERDE,,,NORMAL,6.0,0.0,72280.16,46,A2,6.00847,2750.5,14.1330630794401,26.27891656062534,0.0,BR1,no,BR1,
AX-8758544,BRY473,2024-02-01,CAMION,CHEVROLET,N300,2020.0,,False,1. VERDE,,,NORMAL,3.0,0.043824689,335951.04,36,A2,11.880833,5816.0,0.0,57.7632462173315,2.531456327372765,RM,no,RM,
AX-3157799,BMW901,2024-02-01,CAMIONETA,CHEVROLET,N400,2021.0,,False,1. VERDE,,,NORMAL,1.0,0.0,294.01,41,A2,4.948174,1643.0,0.1789470480827754,0.1789470480827754,0.0,RM,no,RM,
AX-7407149,Z6O649,2024-02-01,CAMIONETA,CHEVROLET,N400,2021.0,,False,1. VERDE,,,NORMAL,3.0,0.0,373924.0,32,A2,13.13575,7312.0,2.4413402625820573,51.13840262582057,0.0,RM,no,RM,
AX-3939936,BUB230,2024-02-01,CAMIONETA,CHEVROLET,N400,2021.0,,False,1. VERDE,,,DEFICIENTE,4.0,0.0,18619.97,46,B2,4.607588,1544.0,5.082027202072538,12.059566062176167,0.0,RM,no,RM,
AX-21042427,ECD10B,2024-02-01,,,NULO,,,False,1. VERDE,,,NORMAL,1.0,0.0,35625.44,57,A2,9.655302,3876.0,4.095141898864809,9.191289989680083,0.0,BR1,no,BR1,
AX-14078764,M6C099,2024-02-01,,,NULO,,,False,1. VERDE,,,NORMAL,1.0,0.0,7830.16,30,C1,7.463596,2599.0,3.0127587533666795,3.0127587533666795,0.0,BR1,no,BR1,
AX-8274417,CFI057,2024-02-01,,,NULO,,,False,1. VERDE,,,NORMAL,1.0,0.0,1426.3,31,C1,2.774921,1106.0,1.2896021699819167,1.2896021699819167,0.0,BR1,no,BR1,
AX-36177319,CFC025,2024-02-01,,,NULO,,,False,1. VERDE,,,NORMAL,1.0,0.0,4375.12,19,E,2.752173,1101.0,0.0,3.9737693006357855,0.0,BR1,no,BR1,
AX-36920954,CJA236,2024-02-01,,,NULO,,,False,1. VERDE,,,NORMAL,1.0,0.0,37245.03,45,C1,4.184529,1430.0,0.0,26.045475524475524,0.0,BR1,no,BR1,
AX-6595898,BVC828,2024-02-01,,,NULO,,,False,1. VERDE,,,NORMAL,1.0,0.0,844.38,58,B1,12.296564,6274.0,0.1345839974497928,0.1345839974497928,0.0,BR1,no,BR1,
AX-23902773,BTL725,2024-02-01,,,NULO,,,False,1. VERDE,,,NORMAL,1.0,0.0,69.8,23,D,2.558288,1063.0,0.0656632173095014,0.0656632173095014,0.0,BR1,no,BR1,
AX-16438174,RZ1797,2024-02-01,,,NULO,,,False,1. VERDE,,,NORMAL,1.0,0.0,8573.15,44,C1,5.205824,3250.5,0.0,2.6374865405322256,0.0,BR1,no,BR1,
AX-1734124,CFD643,2024-02-01,,,NULO,,,False,1. VERDE,,,PERDIDA,1.0,0.0,439.66,68,B1,6.555465,2203.0,0.19957330912392193,0.19957330912392193,0.0,BR1,no,BR1,
AX-10753262,AZB916,2024-02-01,,,NULO,,,False,1. VERDE,,,NORMAL,1.0,0.0,4530.79,34,B1,6.086332,2750.5,1.6472604980912562,1.6472604980912562,0.0,BR1,no,BR1,
AX-36017009,WKH576,2024-02-01,,,NULO,,,False,1. VERDE,,,NORMAL,1.0,0.0,3713.7,30,D,3.183296,1191.0,0.0,3.1181360201511334,0.0,BR1,no,BR1,
AX-9035414,V0R116,2024-02-01,,,NULO,,,False,1. VERDE,,,NORMAL,1.0,0.0,148199.59,33,C2,5.40957,1787.0,0.0,82.93205931729155,0.0,BR1,no,BR1,
AX-3691409,H3J829,2024-02-01,,,NULO,,,False,1. VERDE,,,NORMAL,1.0,0.0,412323.73,42,A1,18.848442,20718.0,1.1842460662226084,19.901714933873926,0.0,BR1,no,BR1,
AX-9607712,BJO805,2024-02-01,,,NULO,,,False,1. VERDE,,,PERDIDA,1.0,0.0,1762.34,31,C1,4.713674,1575.0,1.1189460317460318,1.1189460317460318,0.0,BR1,no,BR1,
AX-13487555,Z7L081,2024-02-01,,,NULO,,,False,1. VERDE,,,NORMAL,1.0,0.0,962.66,35,B2,9.427205,3718.0,0.25891877353415815,0.25891877353415815,0.0,BR1,no,BR1,
AX-2552237,BVF862,2024-02-01,,,NULO,,,False,1. VERDE,,,DUDOSO,1.0,0.0,1526.94,63,B2,3.400155,1850.5,0.0,0.8251499594704135,0.0,BR1,no,BR1,
AX-6154676,ERM559,2024-02-01,,,NULO,,,False,1. VERDE,,,NORMAL,1.0,0.0,165719.66,33,A2,13.956162,8491.0,1.3996879048404192,19.517095748439523,0.0,BR1,no,BR1,
AX-6681843,AYZ932,2024-02-01,,,NULO,,,False,1. VERDE,,,NORMAL,1.0,0.0,112858.03,33,D,4.715357,1575.0,0.0,71.65589206349206,0.0,BR1,no,BR1,
AX-3722845,CEO541,2024-02-01,,,NULO,,,False,1. VERDE,,,NORMAL,1.0,0.0,47677.41,52,B1,6.555959,2203.0,0.6608352246935996,21.64203812982297,0.0,BR1,no,BR1,
AX-10795867,BUW930,2024-02-01,,,NULO,,,False,1. VERDE,,,NORMAL,1.0,0.0,10754.83,29,C1,3.707575,1311.0,0.0,8.203531655225019,0.0,BR1,no,BR1,
AX-12753967,CAQ693,2024-02-01,,,NULO,,,False,1. VERDE,,,NORMAL,1.0,0.0,7711.96,28,C1,6.518929,2188.0,3.5246617915904936,3.5246617915904936,0.0,BR1,no,BR1,
AX-4384900,CHY523,2024-02-01,,,NULO,,,False,1. VERDE,,,NORMAL,1.0,0.0,5492.26,48,B2,5.774946,1911.0,2.8740240711669283,2.8740240711669283,0.0,BR1,no,BR1,
PE-DNI-76961907-19971103,H2L516,2024-02-01,,,NULO,,,False,1. VERDE,,,NORMAL,1.0,0.0,298.25,26,B2,3.088312,4250.5,0.07016821550405834,0.07016821550405834,0.0,BR1,no,BR1,
AX-24530406,VAS697,2024-02-01,,,NULO,,,False,1. VERDE,,,NORMAL,1.0,0.0,400.0,35,C1,8.245398,2998.0,0.0,0.133422281521014,0.0,BR1,no,BR1,
AX-2340621,CFH535,2024-02-01,,,NULO,,,False,1. VERDE,,,DUDOSO,1.0,0.0,1057.53,39,B1,9.041744,3466.0,0.30511540680900173,0.30511540680900173,0.0,BR1,no,BR1,
AX-8511218,BZ474,2024-02-01,,,NULO,,,False,1. VERDE,,,NORMAL,1.0,0.0,388.65,44,A2,15.5123,16500.5,0.023553831702069632,0.023553831702069632,0.0,BR1,no,BR1,
AX-8959298,POR095,2024-02-01,,,NULO,,,False,1. VERDE,,,NORMAL,1.0,0.0,29.9,32,A2,7.892682,2811.0,0.01063678406261117,0.01063678406261117,0.0,BR1,no,BR1,
AX-7502180,BPZ823,2024-02-01,,,NULO,,,False,1. VERDE,,,NORMAL,1.0,0.0,845827.38,50,A2,12.65403,6697.0,1.906371509631178,126.29944452740033,0.0,BR1,no,BR1,
AX-33184597,CAA302,2024-02-01,,,NULO,,,False,1. VERDE,,,NORMAL,1.0,0.0,6895.19,33,A2,10.212909,4291.0,1.6068958284782102,1.6068958284782102,0.0,BR1,no,BR1,
AX-8922111,CEG199,2024-02-01,,,NULO,,,False,1. VERDE,,,NORMAL,1.0,0.0,1956.03,28,C1,4.469356,1506.0,1.2988247011952192,1.2988247011952192,0.0,BR1,no,BR1,
AX-33210689,CBP746,2024-02-01,,,NULO,,,False,1. VERDE,,,NORMAL,1.0,0.0,969.08,24,,,,,,,BR1,no,BR1,
AX-31566517,C90456,2024-02-01,,,NULO,,,False,1. VERDE,,,NORMAL,1.0,0.0,18481.29,44,B2,7.289042,2518.0,0.41170373312152503,7.339670373312153,0.0,BR1,no,BR1,
AX-5451644,CFE443,2024-02-01,,,NULO,,,False,1. VERDE,,,NORMAL,1.0,0.0,72862.29,44,A2,7.721493,7750.5,0.0,9.400979291658603,0.0,BR1,no,BR1,
AX-2552502,T7H526,2024-02-01,,,NULO,,,False,1. VERDE,,,DEFICIENTE,1.0,0.0,2090.73,51,C1,8.018944,2876.0,0.22439499304589708,0.7269575799721836,0.0,BR1,no,BR1,
AX-28949189,BZH469,2024-02-01,,,NULO,,,False,1. VERDE,,,PERDIDA,1.0,0.0,3980.1,36,B1,8.058702,2897.0,1.3738695201933033,1.3738695201933033,0.0,BR1,no,BR1,
AX-3013499,CCG055,2024-02-01,,,NULO,,,False,1. VERDE,,,NORMAL,1.0,0.0,28684.82,25,A2,10.889015,4854.0,1.1563411619283066,5.909522043675319,0.0,BR1,no,BR1,
AX-10255875,VBL729,2024-02-01,,,NULO,,,False,1. VERDE,,,NORMAL,1.0,0.0,7708.89,35,C1,5.47612,3250.5,0.0,2.3716012921089065,0.0,BR1,no,BR1,
AX-8726281,X5M586,2024-02-01,,,NULO,,,False,1. VERDE,,,NORMAL,1.0,0.0,99999.28,40,D,2.88184,1127.0,0.0,88.7305057675244,0.0,BR1,no,BR1,
AX-13686341,CFF483,2024-02-01,,,NULO,,,False,1. VERDE,,,NORMAL,1.0,0.0,7795.71,36,A1,14.131842,8768.0,0.8891092609489051,0.8891092609489051,0.0,BR1,no,BR1,
AX-12284263,CDZ597,2024-02-01,,,NULO,,,False,1. VERDE,,,NORMAL,1.0,0.0,10208.15,34,A1,15.406188,12500.5,0.8166193352265909,0.8166193352265909,0.0,BR1,no,BR1,
AX-4062919,Z6P135,2024-02-01,,,NULO,,,False,1. VERDE,,,NORMAL,1.0,0.0,88962.7,43,B1,12.319373,6300.0,1.648731746031746,14.121063492063492,0.0,BR1,no,BR1,
AX-32573129,H2P565,2024-02-01,,,NULO,,,False,1. VERDE,,,NORMAL,1.0,0.0,33285.14,37,C1,6.540207,2197.0,0.0,15.150268548020026,0.0,BR1,no,BR1,
AX-13043787,Z7G340,2024-02-01,,,NULO,,,False,1. VERDE,,,NORMAL,1.0,0.0,44490.05,30,B2,10.074277,4184.0,0.1969694072657744,10.633377151051626,0.0,BR1,no,BR1,
AX-12839615,CCQ092,2024-02-01,,,NULO,,,False,1. VERDE,,,NORMAL,2.0,0.0,121.31,48,B1,8.766724,3297.0,0.03679405520169851,0.03679405520169851,0.0,BR1,no,BR1,
AX-5665652,BRV863,2024-02-01,,,NULO,,,False,1. VERDE,,,NORMAL,2.0,0.0,55585.25,53,C1,6.486526,2175.0,0.0,25.556436781609197,0.0,BR1,no,BR1,
AX-5594053,CHZ400,2024-02-01,,,NULO,,,False,1. VERDE,,,NORMAL,2.0,0.0,12915.3,54,C1,4.901628,1629.0,0.0,7.928360957642725,0.0,BR1,no,BR1,
AX-8572058,BRF770,2024-02-01,,,NULO,,,False,1. VERDE,,,NORMAL,2.0,0.0,1110.54,36,B1,12.552867,5750.5,0.19312059820885139,0.19312059820885139,0.0,BR1,no,BR1,
AX-2709414,BSC929,2024-02-01,,,NULO,,,False,1. VERDE,,,NORMAL,2.0,0.0,94737.08,61,A1,11.745732,7750.5,10.94158312366944,12.223350751564416,0.0,BR1,no,BR1,
AX-4417033,VAY549,2024-02-01,,,NULO,,,False,1. VERDE,,,NORMAL,2.0,0.0,114650.61,36,D,2.341973,1022.0,0.13688845401174168,112.18259295499021,0.0,BR1,no,BR1,
AX-1663597,CFI056,2024-02-01,,,NULO,,,False,1. VERDE,,,NORMAL,2.0,0.0,25277.32,62,A1,14.210009,14500.5,1.7432033378159373,1.7432033378159373,0.0,BR1,no,BR1,
AX-4486167,CBX,2024-02-01,,,NULO,,,False,1. VERDE,,,NORMAL,2.0,0.0,101231.07,47,A2,6.157543,2750.5,0.0,36.804606435193605,0.0,BR1,no,BR1,
AX-6208224,CJG027,2024-02-01,,,NULO,,,False,1. VERDE,,,NORMAL,2.0,0.0,60591.47,49,B1,11.110243,5054.0,1.8109695290858725,11.988814800158291,0.0,BR1,no,BR1,
AX-223762,Z6R206,2024-02-01,,,NULO,,,False,1. VERDE,,,NORMAL,2.0,0.0,125794.09,47,B2,13.377025,2250.5,3.004159075760942,55.89606309708953,0.0,BR1,no,BR1,
AX-3164534,CFF437,2024-02-01,,,NULO,,,False,1. VERDE,,,NORMAL,2.0,0.0,765558.36,36,A2,15.04208,19500.5,0.5245988564395785,39.25839645137304,0.0,BR1,no,BR1,
PE-DNI-27080375-19760112,TCU872,2024-02-01,,,NULO,,,False,1. VERDE,,,NORMAL,2.0,0.0,118347.01,48,D,3.458146,1252.0,0.0,94.52636581469648,0.0,BR1,no,BR1,
AX-30411326,DCM123,2024-02-01,,,NULO,,,False,1. VERDE,,,NORMAL,2.0,0.646305764,84113.33,31,B1,8.950464,7750.5,3.838513644281014,10.85263273337204,7.014119089091026,BR1,no,BR1,
AX-16314204,VCI948,2024-02-01,,,NULO,,,False,1. VERDE,,,NORMAL,2.0,0.0,60935.9,35,C1,4.847981,1614.0,0.0,37.75458488228005,0.0,BR1,no,BR1,
AX-8914451,CCL544,2024-02-01,,,NULO,,,False,1. VERDE,,,NORMAL,2.0,0.0,156741.55,53,B2,10.863784,4832.0,7.8337644867549665,32.43823468543046,0.0,BR1,no,BR1,
AX-2966625,T6X010,2024-02-01,,,NULO,,,False,1. VERDE,,,NORMAL,2.0,0.0,83204.94,39,B1,10.718304,4705.0,4.200412327311371,17.684365568544102,0.0,BR1,no,BR1,
AX-4774427,X4R319,2024-02-01,,,NULO,,,False,1. VERDE,,,CON PROBLEMAS POTENCIALES,2.0,0.0,39585.58,44,B2,3.982476,1378.0,12.661966618287373,28.726835994194484,0.0,BR1,no,BR1,
AX-5377675,CFF693,2024-02-01,,,NULO,,,False,1. VERDE,,,NORMAL,2.0,0.0,94753.46,35,B1,10.420578,4750.5,1.3402904957372908,19.945997263445953,0.0,BR1,no,BR1,
AX-8735053,M4U177,2024-02-01,,,NULO,,,False,1. VERDE,,,NORMAL,2.0,0.0,4442.83,31,B2,8.393835,3750.5,1.184596720437275,1.184596720437275,0.0,BR1,no,BR1,
AX-2830781,BWW213,2024-02-01,,,NULO,,,False,1. VERDE,,,NORMAL,2.0,0.0,25900.68,48,C1,5.061931,1678.0,0.0,15.435446960667461,0.0,BR1,no,BR1,
AX-10243455,CDQ493,2024-02-01,,,NULO,,,False,1. VERDE,,,NORMAL,2.0,0.0,18906.1,42,B1,7.672951,2701.0,0.0,6.9996667900777485,0.0,BR1,no,BR1,
AX-4028614,P4D044,2024-02-01,,,NULO,,,False,1. VERDE,,,NORMAL,2.0,0.0,68708.2,50,B1,11.864021,5799.0,0.047404724952578026,11.84828418692878,0.0,BR1,no,BR1,
AX-22076489,W5E885,2024-02-01,,,NULO,,,False,1. VERDE,,,CON PROBLEMAS POTENCIALES,2.0,0.0,24684.13,56,D,2.337976,1021.0,0.0,24.176425073457395,0.0,BR1,no,BR1,
AX-33819152,CFB303,2024-02-01,,,NULO,,,False,1. VERDE,,,NORMAL,2.0,0.0,114643.12,58,B1,8.657984,3250.5,0.0,35.26938009536994,0.0,BR1,no,BR1,
AX-8382909,CFB204,2024-02-01,,,NULO,,,False,1. VERDE,,,NORMAL,2.0,0.0,2904.66,35,B1,12.490174,11500.5,0.25256814921090387,0.25256814921090387,0.0,BR1,no,BR1,
AX-4558259,ATE919,2024-02-01,,,NULO,,,False,1. VERDE,,,NORMAL,2.0,0.0,73314.58,41,B1,10.499652,5750.5,0.16465176941135554,12.749253108425355,0.0,BR1,no,BR1,
AX-9588297,Z7L131,2024-02-01,,,NULO,,,False,1. VERDE,,,NORMAL,2.0,0.0,180210.55,37,A1,15.441067,11131.0,4.112150750157219,16.189969454676127,0.0,BR1,no,BR1,
AX-5041624,CCH300,2024-02-01,,,NULO,,,False,1. VERDE,,,NORMAL,2.0,0.0,262.11,36,B1,11.203636,5141.0,0.05098424431044544,0.05098424431044544,0.0,BR1,no,BR1,
AX-5660091,BKG867,2024-02-01,,,NULO,,,False,1. VERDE,,,NORMAL,2.0,0.0,30444.76,50,C1,6.298879,2102.0,1.3412654614652713,14.48371075166508,0.0,BR1,no,BR1,
AX-13054381,Z8J834,2024-02-01,,,NULO,,,False,1. VERDE,,,NORMAL,2.0,0.0,11355.3,32,B1,12.808895,6889.0,1.6483234141384815,1.6483234141384815,0.0,BR1,no,BR1,
AX-1828579,Z7Y893,2024-02-01,,,NULO,,,False,1. VERDE,,,NORMAL,2.0,0.0,3078.74,51,A2,11.880535,5816.0,0.5293569463548831,0.5293569463548831,0.0,BR1,no,BR1,
AX-10502357,TQ9255,2024-02-01,,,NULO,,,False,1. VERDE,,,NORMAL,2.0,0.0,79081.55,45,B2,6.59398,2218.0,1.296555455365194,35.654440937781786,0.0,BR1,no,BR1,
AX-220389,CFL295,2024-02-01,,,NULO,,,False,1. VERDE,,,NORMAL,2.0,0.0,83311.51,51,A1,19.109323,17500.5,4.760521699380018,4.760521699380018,0.0,BR1,no,BR1,
AX-4396763,BVI552,2024-02-01,,,NULO,,,False,1. VERDE,,,NORMAL,2.0,0.0,141619.41,45,A2,12.566234,7750.5,2.353214631314109,18.27229340042578,0.0,BR1,no,BR1,
AX-3642374,BXZ279,2024-02-01,,,NULO,,,False,1. VERDE,,,NORMAL,2.0,0.0,838.3,44,A2,10.275607,4341.0,0.0,0.19311218613222758,0.0,BR1,no,BR1,
AX-4302269,BTF818,2024-02-01,,,NULO,,,False,1. VERDE,,,NORMAL,2.0,0.992369795,82106.57,39,B2,10.804843,4780.0,0.13106485355648537,17.17710669456067,17.046041841004186,BR1,no,BR1,
AX-5926541,M6C524,2024-02-01,,,NULO,,,False,1. VERDE,,,NORMAL,2.0,0.0,12267.94,51,B2,6.552961,2750.5,1.2342446827849483,4.460258134884566,0.0,BR1,no,BR1,
AX-480499,BWB857,2024-02-01,,,NULO,,,False,1. VERDE,,,NORMAL,2.0,0.0,2493.2,66,A2,15.157082,10570.0,0.2358751182592242,0.2358751182592242,0.0,BR1,no,BR1,
AX-3565808,CEZ492,2024-02-01,,,NULO,,,False,1. VERDE,,,NORMAL,2.0,0.0,329.91,26,A2,10.296866,4357.0,0.07571953178792748,0.07571953178792748,0.0,BR1,no,BR1,
AX-32653802,CCV012,2024-02-01,,,NULO,,,False,1. VERDE,,,NORMAL,2.0,0.0,60.22,33,B2,9.290628,3627.0,0.016603253377446926,0.016603253377446926,0.0,BR1,no,BR1,
AX-6985966,CJC016,2024-02-01,,,NULO,,,False,1. VERDE,,,NORMAL,2.0,0.0,291072.6,32,B1,10.642419,4641.0,2.904169360051713,62.71764705882352,0.0,BR1,no,BR1,
AX-33964916,W5F629,2024-02-01,,,NULO,,,False,1. VERDE,,,NORMAL,2.0,0.0,32738.36,29,C2,10.783206,1450.5,18.581544295070664,22.5703964150293,0.0,BR1,no,BR1,
AX-3191321,VAL719,2024-02-01,,,NULO,,,False,1. VERDE,,,NORMAL,2.0,0.0,4852.87,35,A1,10.987225,4942.0,0.9819647915823553,0.9819647915823553,0.0,BR1,no,BR1,
AX-10350287,BUB886,2024-02-01,,,NULO,,,False,1. VERDE,,,NORMAL,2.0,0.0,3215.08,28,B2,4.218727,1439.0,0.0,2.234246004169562,0.0,BR1,no,BR1,
AX-5214343,CEY056,2024-02-01,,,NULO,,,False,1. VERDE,,,NORMAL,2.0,0.0,558.2,37,C1,7.604724,2667.0,0.20929883764529436,0.20929883764529436,0.0,BR1,no,BR1,
AX-6257167,BJW767,2024-02-01,,,NULO,,,False,1. VERDE,,,NORMAL,2.0,0.0,869.36,39,B1,12.574345,6600.0,0.13172121212121213,0.13172121212121213,0.0,BR1,no,BR1,
PE-DNI-45471458-19881006,W7H913,2024-02-01,,,NULO,,,False,1. VERDE,,,NORMAL,2.0,0.0,80536.47,35,C1,8.268678,3010.0,0.0,26.756302325581395,0.0,BR1,no,BR1,
AX-2316405,BYC503,2024-02-01,,,NULO,,,False,1. VERDE,,,NORMAL,2.0,0.0,35263.49,51,C2,6.553445,2202.0,0.0,16.01430063578565,0.0,BR1,no,BR1,
AX-5335572,BYZ378,2024-02-01,,,NULO,,,False,1. VERDE,,,NORMAL,2.0,0.0,78442.8,46,B1,9.897327,4051.0,2.459812392001975,19.36381140459146,0.0,BR1,no,BR1,
AX-2502821,EMI44B,2024-02-01,,,NULO,,,False,1. VERDE,,,NORMAL,2.0,0.0,100794.65,38,B1,13.583106,2250.5,20.881870695401023,44.787669406798486,0.0,BR1,no,BR1,
AX-9575394,BHZ814,2024-02-01,,,NULO,,,False,1. VERDE,,,NORMAL,2.0,0.0,114.07,32,B1,7.196604,2476.0,0.0460702746365105,0.0460702746365105,0.0,BR1,no,BR1,
AX-24587515,X5J879,2024-02-01,,,NULO,,,False,1. VERDE,,,NORMAL,2.0,0.0,11617.72,27,C1,4.779245,1593.0,0.0,7.2929817953546765,0.0,BR1,no,BR1,
AX-4612972,F7SO73,2024-02-01,,,NULO,,,False,1. VERDE,,,NORMAL,3.0,0.0,15000.0,49,B2,10.467861,4495.0,0.0,3.337041156840934,0.0,BR1,no,BR1,
AX-1704158,BUV043,2024-02-01,,,NULO,,,False,1. VERDE,,,NORMAL,3.0,0.0,6406.53,67,A2,9.5595,3809.0,0.9879758466789184,1.6819453924914676,0.0,BR1,no,BR1,
AX-1981100,XBXO36,2024-02-01,,,NULO,,,False,1. VERDE,,,NORMAL,3.0,0.0,47060.75,64,B2,5.739378,1898.0,5.656801896733404,24.79491570073762,0.0,BR1,no,BR1,
AX-5988781,TUC814,2024-02-01,,,NULO,,,False,1. VERDE,,,NORMAL,3.0,0.985603753,82902.16,39,B2,5.567165,5750.5,0.0,14.416513346665507,14.208969654812623,BR1,no,BR1,
AX-1553088,BTQ531,2024-02-01,,,NULO,,,False,1. VERDE,,,NORMAL,3.0,0.0,111144.81,56,A1,12.493009,15500.5,2.49466791393826,7.170401599948389,0.0,BR1,no,BR1,
AX-29136299,BVR818,2024-02-01,,,NULO,,,False,1. VERDE,,,NORMAL,3.0,0.0,16439.88,38,B2,8.232022,2990.0,0.4881505016722408,5.498287625418061,0.0,BR1,no,BR1,
AX-403998,CDC237,2024-02-01,,,NULO,,,False,1. VERDE,,,NORMAL,3.0,0.0,10945.94,52,A2,12.015865,5961.0,1.836259016943466,1.836259016943466,0.0,BR1,no,BR1,
AX-9395295,BTG,2024-02-01,,,NULO,,,False,1. VERDE,,,NORMAL,3.0,0.0,21483.32,30,B2,10.450257,5250.5,0.06638415389010571,4.091671269402914,0.0,BR1,no,BR1,
AX-1896015,BDQ584,2024-02-01,,,NULO,,,False,1. VERDE,,,NORMAL,3.0,0.0,307093.05,68,A2,13.664148,8051.0,0.8117413985840268,38.14346665010557,0.0,BR1,no,BR1,
AX-3310060,V0I318,2024-02-01,,,NULO,,,False,1. VERDE,,,NORMAL,3.0,0.0,62438.46,42,A2,13.846019,8322.0,1.3088560442201393,7.502819033886085,0.0,BR1,no,BR1,
AX-7133275,T70652,2024-02-01,,,NULO,,,False,1. VERDE,,,NORMAL,3.0,0.0,47029.38,45,C1,2.588346,1069.0,0.1873246024321796,43.99380729653882,0.0,BR1,no,BR1,
AX-9137692,CJB526,2024-02-01,,,NULO,,,False,1. VERDE,,,NORMAL,3.0,0.0,396838.0,35,B1,13.691756,6750.5,1.812202059106733,58.7864602622028,0.0,BR1,no,BR1,
AX-4328434,BVF915,2024-02-01,,,NULO,,,False,1. VERDE,,,NORMAL,3.0,0.0,1142297.13,50,B2,8.961768,1950.5,0.0,585.6432350679312,0.0,BR1,no,BR1,
AX-1891349,CWS144,2024-02-01,,,NULO,,,False,1. VERDE,,,NORMAL,3.0,0.0,5552.69,49,B1,8.174632,2959.0,1.876542750929368,1.876542750929368,0.0,BR1,no,BR1,
AX-1801495,CFF649,2024-02-01,,,NULO,,,False,1. VERDE,,,NORMAL,3.0,0.0,19356.39,59,B1,11.273482,5207.0,2.9648703668139045,3.7173785289033994,0.0,BR1,no,BR1,
AX-2896076,CHX267,2024-02-01,,,NULO,,,False,1. VERDE,,,NORMAL,3.0,0.0,92132.92,45,B1,11.76131,6750.5,5.703780460706615,13.64831049551885,0.0,BR1,no,BR1,
AX-8466711,CYB045,2024-02-01,,,NULO,,,False,1. VERDE,,,NORMAL,3.0,0.0,52451.7,36,B1,6.759577,4750.5,1.5664161667192928,11.041300915693084,0.0,BR1,no,BR1,
AX-15880763,CJB110,2024-02-01,,,NULO,,,False,1. VERDE,,,NORMAL,3.0,0.0,4094.32,69,B1,9.246481,7250.5,0.564694848631129,0.564694848631129,0.0,BR1,no,BR1,
AX-8436012,BUB702,2024-02-01,,,NULO,,,False,1. VERDE,,,NORMAL,3.0,0.0,22554.97,29,B2,8.45478,3114.0,7.243086062941555,7.243086062941555,0.0,BR1,no,BR1,
AX-6474826,BAN315,2024-02-01,,,NULO,,,False,1. VERDE,,,NORMAL,3.0,0.0,175195.74,37,A2,12.651909,7250.5,0.025736156127163644,24.163263223225982,0.0,BR1,no,BR1,
AX-10368866,BWY220,2024-02-01,,,NULO,,,False,1. VERDE,,,CON PROBLEMAS POTENCIALES,3.0,0.0,62034.77,41,C1,6.526039,2191.0,0.5934869922409858,28.313450479233225,0.0,BR1,no,BR1,
AX-9054490,BAL725,2024-02-01,,,NULO,,,False,1. VERDE,,,NORMAL,3.0,0.0,57570.47,32,B1,8.265466,3009.0,7.998471252907943,19.13275839149219,0.0,BR1,no,BR1,
AX-31096614,BVB772,2024-02-01,,,NULO,,,False,1. VERDE,,,NORMAL,3.0,0.0,72.82,59,B2,7.163175,2461.0,0.02958959772450223,0.02958959772450223,0.0,BR1,no,BR1,
AX-6618684,CEX435,2024-02-01,,,NULO,,,False,1. VERDE,,,NORMAL,3.0,0.0,59323.03,33,B2,9.814706,3991.0,1.5161513405161613,14.864201954397394,0.0,BR1,no,BR1,
AX-9941327,BTH721,2024-02-01,,,NULO,,,False,1. VERDE,,,NORMAL,3.0,0.0,53328.02,28,B2,11.288168,5221.0,1.8115859030837007,10.214139053821107,0.0,BR1,no,BR1,
AX-3311386,BPP391,2024-02-01,,,NULO,,,False,1. VERDE,,,NORMAL,3.0,0.0,98469.24,45,B1,13.368153,10500.5,0.8533098423884578,9.377576305890196,0.0,BR1,no,BR1,
AX-10480472,Z8A763,2024-02-01,,,NULO,,,False,1. VERDE,,,NORMAL,3.0,0.0,285.16,28,C1,6.049687,2250.5,0.12670962008442568,0.12670962008442568,0.0,BR1,no,BR1,
AX-5541237,CCC184,2024-02-01,,,NULO,,,False,1. VERDE,,,NORMAL,3.0,0.0,3904.85,33,B1,8.634744,3218.0,1.2134400248601616,1.2134400248601616,0.0,BR1,no,BR1,
AX-10534443,VPH042,2024-02-01,,,NULO,,,False,1. VERDE,,,NORMAL,3.0,0.0,69023.19,37,A1,10.269667,12500.5,2.095280188792448,5.521634334626615,0.0,BR1,no,BR1,
AX-7514929,ERI991,2024-02-01,,,NULO,,,False,1. VERDE,,,NORMAL,3.0,0.0,12001.85,29,A1,13.467,7767.0,1.5452362559546802,1.5452362559546802,0.0,BR1,no,BR1,
AX-5869932,BTU724,2024-02-01,,,NULO,,,False,1. VERDE,,,NORMAL,3.0,0.0,50224.32,46,B1,7.226981,4750.5,3.1788443321755606,10.572428165456268,0.0,BR1,no,BR1,
AX-8160326,BNZ453,2024-02-01,,,NULO,,,False,1. VERDE,,,NORMAL,3.0,0.0,6389.78,41,B1,10.981672,4937.0,1.2942637229086489,1.2942637229086489,0.0,BR1,no,BR1,
AX-19878762,VOJ480,2024-02-01,,,NULO,,,False,1. VERDE,,,NORMAL,3.0,0.0,99043.28,31,B1,11.72977,5658.0,0.23633792859667727,17.50499823259102,0.0,BR1,no,BR1,
AX-33349298,CDR848,2024-02-01,,,NULO,,,False,1. VERDE,,,NORMAL,3.0,0.0,13113.94,29,C1,5.537843,1830.0,3.3941202185792347,7.166087431693989,0.0,BR1,no,BR1,
AX-5421502,VAU035,2024-02-01,,,NULO,,,False,1. VERDE,,,NORMAL,3.0,0.0,230957.0,44,C1,4.260892,1450.0,2.053751724137931,159.2806896551724,0.0,BR1,no,BR1,
AX-1730128,M7X841,2024-02-01,,,NULO,,,False,1. VERDE,,,NORMAL,3.0,0.0,98619.43,52,B2,8.643303,3223.0,0.8218181818181818,30.598644120384733,0.0,BR1,no,BR1,
AX-7672045,CDL178,2024-02-01,,,NULO,,,False,1. VERDE,,,NORMAL,3.0,0.0,42077.61,36,C2,3.97072,1375.0,2.370989090909091,30.601898181818182,0.0,BR1,no,BR1,
AX-1535598,BWS820,2024-02-01,,,NULO,,,False,1. VERDE,,,NORMAL,3.0,0.0,122569.25,65,B1,10.569324,10500.5,1.5687157754392647,11.672706061616113,0.0,BR1,no,BR1,
AX-8137714,BTE929,2024-02-01,,,NULO,,,False,1. VERDE,,,NORMAL,3.0,0.0,43656.79,35,A2,10.367554,7750.5,5.6327707889813565,5.6327707889813565,0.0,BR1,no,BR1,
AX-20938777,CEY098,2024-02-01,,,NULO,,,False,1. VERDE,,,DEFICIENTE,3.0,0.0,6057.64,23,C1,6.096135,2026.0,2.9899506416584405,2.9899506416584405,0.0,BR1,no,BR1,
AX-5264295,BUM724,2024-02-01,,,NULO,,,False,1. VERDE,,,NORMAL,3.0,0.0,151382.54,41,B2,6.899488,2345.0,0.09549680170575693,64.55545415778252,0.0,BR1,no,BR1,
AX-6126501,CFF322,2024-02-01,,,NULO,,,False,1. VERDE,,,NORMAL,4.0,0.0,68688.47,35,B1,13.35491,7610.0,0.4251011826544021,9.026080157687254,0.0,BR1,no,BR1,
AX-33915453,CHQ439,2024-02-01,,,NULO,,,False,1. VERDE,,,NORMAL,4.0,0.0,11060.54,39,B2,5.528278,1827.0,1.3013136288998357,6.053935413245759,0.0,BR1,no,BR1,
AX-10453139,T0Z916,2024-02-01,,,NULO,,,False,1. VERDE,,,NORMAL,4.0,0.0,54678.23,40,B2,6.994413,2386.0,1.4882648784576697,22.91627409891031,0.0,BR1,no,BR1,
AX-7399749,BLD744,2024-02-01,,,NULO,,,False,1. VERDE,,,NORMAL,4.0,0.22206375,392861.78,30,A2,12.420113,6417.0,0.37095527505064674,61.22203210222846,13.595194015895279,BR1,no,BR1,
AX-3826561,O44773,2024-02-01,,,NULO,,,False,1. VERDE,,,NORMAL,4.0,0.0,11727.56,59,B1,7.47042,2603.0,0.5768689973107952,4.505401459854014,0.0,BR1,no,BR1,
AX-4223308,CBQ531,2024-02-01,,,NULO,,,False,1. VERDE,,,DUDOSO,4.0,0.0,21093.94,41,B2,8.176713,2960.0,7.126331081081081,7.126331081081081,0.0,BR1,no,BR1,
AX-6384755,M5Z283,2024-02-01,,,NULO,,,False,1. VERDE,,,NORMAL,4.0,0.0,33759.27,36,B2,7.854564,2792.0,1.0899749283667621,12.091429083094555,0.0,BR1,no,BR1,
AX-1634250,CFE292,2024-02-01,,,NULO,,,False,1. VERDE,,,NORMAL,4.0,0.0,26.0,52,B1,9.200866,3568.0,0.0072869955156950675,0.0072869955156950675,0.0,BR1,no,BR1,
AX-11212726,BRH827,2024-02-01,,,NULO,,,False,1. VERDE,,,NORMAL,4.0,0.0,615643.0,41,A2,15.516695,11286.0,2.8385132021974124,54.54926457558037,0.0,BR1,no,BR1,
AX-5971631,VOR497,2024-02-01,,,NULO,,,False,1. VERDE,,,NORMAL,4.0,0.0,52339.77,61,B1,8.183157,2964.0,0.5897165991902834,17.658491902834008,0.0,BR1,no,BR1,
AX-3200620,CEZ157,2024-02-01,,,NULO,,,False,1. VERDE,,,NORMAL,4.0,0.0,113903.16,66,B1,7.003984,2391.0,0.6254328732747805,47.63829360100377,0.0,BR1,no,BR1,
AX-13353370,CBU260,2024-02-01,,,NULO,,,False,1. VERDE,,,NORMAL,4.0,0.0,6971.83,29,B1,12.327773,9250.5,0.18014053294416518,0.7536706123993298,0.0,BR1,no,BR1,
AX-6281166,X5C471,2024-02-01,,,NULO,,,False,1. VERDE,,,NORMAL,4.0,0.0,36922.23,40,B1,10.108297,7750.5,0.4236126701503129,4.763851364428102,0.0,BR1,no,BR1,
AX-4057859,BFZ927,2024-02-01,,,NULO,,,False,1. VERDE,,,NORMAL,4.0,0.0,5167.3,47,B2,4.936382,3250.5,1.589693893247193,1.589693893247193,0.0,BR1,no,BR1,
AX-24851186,BZG401,2024-02-01,,,NULO,,,False,1. VERDE,,,NORMAL,4.0,0.0,303139.45,29,A2,13.746857,8173.0,4.154293405114402,37.090352379787106,0.0,BR1,no,BR1,
AX-3373244,VXK693,2024-02-01,,,NULO,,,False,1. VERDE,,,NORMAL,4.0,0.403184231,192592.8,50,A1,16.164923,12702.0,4.288056211620217,15.162399622106754,6.113240434577232,BR1,no,BR1,
AX-3876283,CFC237,2024-02-01,,,NULO,,,False,1. VERDE,,,NORMAL,4.0,0.0,39173.57,48,B1,9.909778,4060.0,0.671,9.648662561576355,0.0,BR1,no,BR1,
AX-4034687,CJC347,2024-02-01,,,NULO,,,False,1. VERDE,,,NORMAL,4.0,0.0,99262.74,37,C1,4.418989,1492.0,1.5870978552278818,66.52998659517426,0.0,BR1,no,BR1,
AX-31100751,VOM065,2024-02-01,,,NULO,,,False,1. VERDE,,,NORMAL,4.0,0.0,162980.83,38,B1,14.171184,8831.0,4.7297599365870235,18.455535046993543,0.0,BR1,no,BR1,
AX-8621676,TDA830,2024-02-01,,,NULO,,,False,1. VERDE,,,NORMAL,4.0,0.0,98571.63,40,B1,8.805904,9750.5,7.174364391569663,10.109392338854418,0.0,BR1,no,BR1,
AX-6837832,BWE777,2024-02-01,,,NULO,,,False,1. VERDE,,,NORMAL,4.0,0.515269422,119097.5,51,B1,14.220172,8910.0,0.031071829405162742,13.36672278338945,6.887463524130191,BR1,no,BR1,
AX-4740335,CJI544,2024-02-01,,,NULO,,,False,1. VERDE,,,NORMAL,4.0,0.0,69039.38,39,B1,10.698503,4688.0,9.348227389078497,14.726830204778159,0.0,BR1,no,BR1,
AX-7365447,CHJ010,2024-02-01,,,NULO,,,False,1. VERDE,,,NORMAL,4.0,0.0,8861.16,32,A2,6.386084,2136.0,3.9612172284644194,4.148483146067416,0.0,BR1,no,BR1,
AX-2005631,CDL253,2024-02-01,,,NULO,,,False,1. VERDE,,,DUDOSO,4.0,0.0,132310.26,54,B1,6.609167,2224.0,0.7986375899280576,59.49202338129497,0.0,BR1,no,BR1,
AX-5761889,BUU348,2024-02-01,,,NULO,,,False,1. VERDE,,,DEFICIENTE,4.0,0.0,912.49,34,B1,6.060977,9750.5,0.09358391877339624,0.09358391877339624,0.0,BR1,no,BR1,
AX-5572513,CHY644,2024-02-01,,,NULO,,,False,1. VERDE,,,NORMAL,4.0,0.0,21982.24,31,A2,9.675037,3890.0,5.65096143958869,5.65096143958869,0.0,BR1,no,BR1,
PE-DNI-76472695-19960219,BWV819,2024-02-01,,,NULO,,,False,1. VERDE,,,NORMAL,4.0,0.0,6664.22,28,B2,5.885621,1950.0,0.1332923076923077,3.4175487179487183,0.0,BR1,no,BR1,
AX-3560642,Z7E083,2024-02-01,,,NULO,,,False,1. VERDE,,,NORMAL,4.0,0.0,158668.35,43,A2,14.927501,10136.0,7.257332280978691,15.65394139700079,0.0,BR1,no,BR1,
AX-24816188,CDQ165,2024-02-01,,,NULO,,,False,1. VERDE,,,NORMAL,5.0,0.0,101072.44,28,C1,8.820359,3329.0,6.754983478522079,30.36120156203064,0.0,BR1,no,BR1,
AX-330779,BHH893,2024-02-01,,,NULO,,,False,1. VERDE,,,NORMAL,5.0,0.0,15881.99,70,B1,12.244408,6215.0,2.555428801287208,2.555428801287208,0.0,BR1,no,BR1,
AX-29278540,CFC127,2024-02-01,,,NULO,,,False,1. VERDE,,,DUDOSO,5.0,0.0,6106.48,45,B2,5.164864,1710.0,3.374228070175439,3.5710409356725146,0.0,BR1,no,BR1,
AX-21567354,CDH568,2024-02-01,,,NULO,,,False,1. VERDE,,,NORMAL,5.0,0.0,19119.99,28,C1,6.08174,2021.0,1.1039040079168727,9.46065809005443,0.0,BR1,no,BR1,
AX-1704137,D(X516,2024-02-01,,,NULO,,,False,1. VERDE,,,NORMAL,5.0,0.0,10508.71,46,A2,15.384244,11017.0,0.9538631206317508,0.9538631206317508,0.0,BR1,no,BR1,
AX-4147624,DAC317,2024-02-01,,,NULO,,,False,1. VERDE,,,CON PROBLEMAS POTENCIALES,5.0,0.0,120028.19,33,A2,11.523793,5450.0,4.6645889908256875,22.02352110091743,0.0,BR1,no,BR1,
AX-8472448,VOA357,2024-02-01,,,NULO,,,False,1. VERDE,,,PERDIDA,5.0,0.0,9895.04,32,B1,5.919782,1962.0,4.667869520897044,5.043343527013252,0.0,BR1,no,BR1,
AX-19378574,CEU347,2024-02-01,,,NULO,,,False,1. VERDE,,,NORMAL,5.0,0.415350774,200535.56,49,B2,10.727513,4713.0,2.8506174411203054,42.54945045618502,17.672947167409294,BR1,no,BR1,
AX-22997322,M5S555,2024-02-01,,,NULO,,,False,1. VERDE,,,NORMAL,5.0,0.0,119967.6,30,B1,12.082986,6035.0,2.2924722452361226,19.87864125932063,0.0,BR1,no,BR1,
AX-15140964,CFB675,2024-02-01,,,NULO,,,False,1. VERDE,,,NORMAL,5.0,0.0,103898.75,41,B1,12.225265,6193.0,1.9565041175520748,16.776804456644598,0.0,BR1,no,BR1,
AX-5993193,BWU895,2024-02-01,,,NULO,,,False,1. VERDE,,,NORMAL,5.0,0.0,147976.94,54,B2,6.95665,2370.0,0.5455147679324894,62.43752742616034,0.0,BR1,no,BR1,
AX-5413422,BXD972,2024-02-01,,,NULO,,,False,1. VERDE,,,NORMAL,5.0,0.0,7428.19,45,B2,7.054975,2750.5,2.700668969278313,2.700668969278313,0.0,BR1,no,BR1,
AX-1918171,BTI725,2024-02-01,,,NULO,,,False,1. VERDE,,,NORMAL,5.0,0.0,554.56,56,A2,9.171593,9750.5,0.05687503204963847,0.05687503204963847,0.0,BR1,no,BR1,
AX-5037305,TCR803,2024-02-01,,,NULO,,,False,1. VERDE,,,NORMAL,5.0,0.0,50344.23,35,C2,4.702442,1571.0,30.94276257161044,32.045977084659455,0.0,BR1,no,BR1,
AX-2705750,BYI562,2024-02-01,,,NULO,,,False,1. VERDE,,,NORMAL,6.0,0.0,464745.1,46,B1,14.871927,10034.0,17.691140123579828,46.31703209089097,0.0,BR1,no,BR1,
AX-10751057,VBN849,2024-02-01,,,NULO,,,False,1. VERDE,,,NORMAL,6.0,0.0,26357.65,33,B2,4.583895,2250.5,2.7576894023550325,11.711908464785603,0.0,BR1,no,BR1,
AX-7170719,BWX417,2024-02-01,,,NULO,,,False,1. VERDE,,,NORMAL,6.0,0.0,433340.01,52,A2,13.034346,7178.0,36.59240317637225,60.370578155475066,0.0,BR1,no,BR1,
AX-11512163,BPA600,2024-02-01,,,NULO,,,False,1. VERDE,,,NORMAL,6.0,0.0,1245.15,68,A2,6.270446,5250.5,0.23714884296733646,0.23714884296733646,0.0,BR1,no,BR1,
AX-2644876,CJD184,2024-02-01,,,NULO,,,False,1. VERDE,,,NORMAL,6.0,0.0,18540.54,51,A2,10.960247,8750.5,2.1187977829838296,2.1187977829838296,0.0,BR1,no,BR1,
AX-268495,CEX158,2024-02-01,,,NULO,,,False,1. VERDE,,,DUDOSO,6.0,0.0,358497.96,43,A1,9.958782,4097.0,64.88343910178179,87.5025530876251,0.0,BR1,no,BR1,
AX-10023694,CJG201,2024-02-01,,,NULO,,,False,1. VERDE,,,NORMAL,6.0,0.057891698,128037.53,47,B1,10.110016,4250.5,6.14824844135984,30.122933772497355,1.7438677802611458,BR1,no,BR1,
AX-8851554,BXL072,2024-02-01,,,NULO,,,False,1. VERDE,,,NORMAL,6.0,0.0,17831.85,28,A2,11.002958,4956.0,3.5980326876513313,3.5980326876513313,0.0,BR1,no,BR1,
AX-5928417,CFS018,2024-02-01,,,NULO,,,False,1. VERDE,,,NORMAL,6.0,0.32624045,147421.48,43,B1,11.610977,5537.0,1.6506375293480224,26.62479320931913,8.686084522304498,BR1,no,BR1,
AX-3094654,BUW321,2024-02-01,,,NULO,,,False,1. VERDE,,,NORMAL,6.0,0.0,1735353.59,35,A2,15.501433,11255.0,6.8324335850733,154.1851257219014,0.0,BR1,no,BR1,
AX-9307132,ERB277,2024-02-01,,,NULO,,,False,1. VERDE,,,NORMAL,7.0,0.0,20756.45,29,B1,7.778688,2753.0,2.6419179077370143,7.539575009081003,0.0,BR1,no,BR1,
AX-3156304,CCR144,2024-02-01,,,NULO,,,False,1. VERDE,,,NORMAL,7.0,0.0,139266.69,49,A2,14.440224,9275.0,0.3497800539083558,15.015276549865229,0.0,BR1,no,BR1,
AX-4322620,CFB019,2024-02-01,,,NULO,,,False,1. VERDE,,,NORMAL,7.0,0.040543883,322527.57,45,A1,15.364061,15500.5,6.8561220605786914,20.80755911099642,0.8436192380890939,BR1,no,BR1,
AX-10270576,BSG820,2024-02-01,,,NULO,,,False,1. VERDE,,,NORMAL,7.0,0.0,396396.69,42,B1,11.370802,3750.5,2.857906945740568,105.69169177443008,0.0,BR1,no,BR1,
AX-4744948,CAY168,2024-02-01,,,NULO,,,False,1. VERDE,,,NORMAL,7.0,0.0,399314.6,50,B1,14.476896,9337.0,22.17662418335654,42.76690585841276,0.0,BR1,no,BR1,
AX-5325533,BYC266,2024-02-01,,,NULO,,,False,1. VERDE,,,PERDIDA,7.0,0.0,228482.84,40,A2,12.33589,6750.5,0.1155840308125324,33.846802459077104,0.0,BR1,no,BR1,
AX-10893211,AKR125,2024-02-01,AUTOMOVIL,VOLKSWAGEN,POLO,2008.0,,False,1. VERDE,,,NORMAL,1.0,0.0,4034.0,29,D,2.925819,1137.0,0.0,3.5479331574318382,0.0,BR1,no,BR1,
AX-17933831,BRH669,2024-02-01,CAMIONETA,FOTON,PX33,2019.0,,False,1. VERDE,,,NORMAL,4.0,0.0,59601.24,38,A2,10.670264,4664.0,3.2865308747855915,12.778996569468267,0.0,BR1,no,BR1,
AX-3788266,ANV601,2024-02-01,CAMIONETA,TOYOTA,RAV4,2015.0,,False,1. VERDE,,,NORMAL,1.0,0.0,760801.67,55,B1,8.433654,3102.0,0.0,245.2616602192134,0.0,BR2,no,BR2,
AX-159950,BJH382,2024-02-01,,TOYOTA,RAV4,2017.0,,False,1. VERDE,,,NORMAL,1.0,0.0,5579.61,51,A1,19.38633,22853.0,0.2441521900844528,0.2441521900844528,0.0,BR2,no,BR2,
AX-11373288,BLB265,2024-02-01,CAMIONETA,TOYOTA,RAV4,2019.0,,False,1. VERDE,,,NORMAL,1.0,0.0,6779.8,35,B1,8.012097,2873.0,2.3598329272537417,2.3598329272537417,0.0,BR2,no,BR2,
AX-2999872,LGH327,2024-02-01,CAMIONETA,TOYOTA,RAV4,2008.0,,False,1. VERDE,,,NORMAL,7.0,0.0,94804.88,50,B1,9.106487,3750.5,21.321167844287427,25.277930942540994,0.0,BR2,no,BR2,
AX-4165148,BNV009,2024-02-01,CAMIONETA,TOYOTA,RUSH,2020.0,,False,1. VERDE,,,NORMAL,3.0,0.0,3178.41,61,B1,11.24506,5180.0,0.6135926640926641,0.6135926640926641,0.0,RM,no,RM,
AX-5870778,BLY317,2024-02-01,CAMIONETA,TOYOTA,RUSH,2019.0,,False,1. VERDE,,,DUDOSO,3.0,0.0,11540.31,47,A2,6.300837,2103.0,5.487546362339515,5.487546362339515,0.0,RM,no,RM,
AX-4093278,BSE211,2024-02-01,CAMIONETA,VOLVO,XC40,2020.0,,False,1. VERDE,,,NORMAL,1.0,0.0,999.17,30,A1,10.868363,7250.5,0.1378070477898076,0.1378070477898076,0.0,BR1,no,BR1,
AX-3099166,BCA573,2024-02-01,CAMIONETA,VOLVO,XC90,2017.0,,False,1. VERDE,,,NORMAL,1.0,0.0,16018.99,42,A2,14.970162,13500.5,1.1865479056331247,1.1865479056331247,0.0,BR1,no,BR1,
AX-14145407,V8H457,2024-02-01,AUTOMOVIL,MAZDA,AXELA,2007.0,,False,1. VERDE,,,NORMAL,5.0,0.0,22185.18,48,B2,5.562255,1838.0,0.6611534276387377,12.070282916213275,0.0,BR1,no,BR1,
AX-26052046,BMV800,2024-02-01,CAMIONETA,PEUGEOT,BOXER,2022.0,,False,1. VERDE,,,NORMAL,3.0,0.0,1013628.52,42,C1,4.915506,1634.0,0.0,620.3356915544675,0.0,BR1,no,BR1,
AX-3067472,COT284,2024-02-01,AUTOMOVIL,HONDA,CIVIC,2003.0,,False,1. VERDE,,,PERDIDA,3.0,0.307870425,374264.4,41,A1,15.635592,11533.0,1.008540709269054,32.45160842798925,9.990890488164398,BR1,no,BR1,
AX-5510069,BBV209,2024-02-01,CAMIONETA,HYUNDAI,CRETA,2017.0,,False,1. VERDE,,,NORMAL,6.0,0.0,135575.32,38,B1,10.302793,4362.0,8.319087574507106,31.08099954149473,0.0,BR1,no,BR1,
AX-8609254,AZA909,2024-02-01,CAMION,HINO,DUTRO,2018.0,,False,1. VERDE,,,NORMAL,1.0,0.0,1052.78,44,C1,4.516618,1519.0,0.6930743910467413,0.6930743910467413,0.0,BR1,no,BR1,
AX-4680994,BMT222,2024-02-01,AUTOMOVIL,SUZUKI,DZIRE,2020.0,,False,1. VERDE,,,DUDOSO,1.0,0.0,4523.77,58,C1,3.844739,1344.0,0.0,3.365900297619048,0.0,RM,no,RM,
AX-4481777,BSA501,2024-02-01,CAMIONETA,DFSK,GLORY,2021.0,,False,1. VERDE,,,PERDIDA,1.0,0.0,17.14,49,A2,7.804356,2766.0,0.006196673897324657,0.006196673897324657,0.0,BR1,CHINOS,BR1,
AX-4826737,BAG262,2024-02-01,CAMIONETA,DFSK,GLORY,2017.0,,False,1. VERDE,,,DEFICIENTE,3.0,0.0,1120.4,24,B2,4.134924,1417.0,0.6675935074100212,0.7906845448129852,0.0,BR1,CHINOS,BR1,
AX-6567308,F5J967,2024-02-01,CAMIONETA,TOYOTA,HIACE,2019.0,,False,1. VERDE,,,CON PROBLEMAS POTENCIALES,4.0,0.0,14070.89,41,C1,2.69839,1090.0,0.12546788990825689,12.909073394495412,0.0,BR1,no,BR1,
AX-2369872,T9T908,2024-02-01,CAMIONETA,TOYOTA,HILUX,2018.0,,False,1. VERDE,,,NORMAL,2.0,0.0,16981.95,42,B2,6.455879,2163.0,1.3551872399445215,7.85110957004161,0.0,BR1,no,BR1,
AX-4791698,M6W937,2024-02-01,CAMIONETA,TOYOTA,HILUX,2021.0,,False,1. VERDE,,,NORMAL,4.0,0.0,8545.65,38,A2,9.171973,3549.0,0.48223443223443224,2.4079036348267118,0.0,BR1,no,BR1,
AX-16792829,V0N758,2024-02-01,CAMIONETA,TOYOTA,HILUX,2019.0,,False,1. VERDE,,,NORMAL,5.0,0.0,162574.22,32,B1,12.497069,6508.0,1.0561908420405655,24.980673017824216,0.0,BR1,no,BR1,
AX-31624764,BBT810,2024-02-01,CAMION,KIA,K2700,2018.0,,False,1. VERDE,,,NORMAL,1.0,0.0,1815.07,27,B2,3.820124,2250.5,0.8065185514330149,0.8065185514330149,0.0,BR1,no,BR1,
AX-8091905,BBF947,2024-02-01,CAMION,KIA,K2700,2019.0,,False,1. VERDE,,,NORMAL,4.0,0.0,66888.43,60,B1,8.026332,2880.0,6.9942673611111115,23.225149305555554,0.0,BR1,no,BR1,
AX-28378139,H2C163,2024-02-01,CAMIONETA,NISSAN,KICKS,2017.0,,False,1. VERDE,,,NORMAL,1.0,0.0,4877.06,27,A2,11.998981,3250.5,1.5004030149207814,1.5004030149207814,0.0,BR1,no,BR1,
AX-13056350,B0J366,2024-02-01,AUTOMOVIL,NISSAN,MARCH,2007.0,,False,1. VERDE,,,NORMAL,5.0,0.0,18084.04,37,A2,7.49095,7750.5,0.7275440294174569,2.333273982323721,0.0,BR1,no,BR1,
AX-6843957,BVA322,2024-02-01,CAMIONETA,MG,MG ZX,2021.0,,False,1. VERDE,,,DUDOSO,1.0,0.0,219609.03,41,A1,11.136188,12500.5,0.0,17.56801967921283,0.0,BR1,CHINOS,BR1,
AX-27201165,D4R912,2024-02-01,CAMIONETA,DATSUN,NL620,1979.0,,False,1. VERDE,,,NORMAL,5.0,0.0,169971.83,57,B2,8.175211,2960.0,0.3439662162162162,57.42291554054054,0.0,BR1,no,BR1,
AX-2596450,ATJ819,2024-02-01,CAMIONETA,NISSAN,NP300,2017.0,,False,1. VERDE,,,NORMAL,3.0,0.030090175,1038251.19,44,A2,15.835867,11962.0,1.9728607256311654,86.79578582176893,2.6117003845510784,BR1,no,BR1,
AX-6375592,H3D865,2024-02-01,CAMIONETA,RENAULT,OROCH,2022.0,,False,1. VERDE,,,NORMAL,2.0,0.0,212.4,43,B2,8.921866,3391.0,0.06263639044529637,0.06263639044529637,0.0,RM,no,RM,
AX-2770873,A6G243,2024-02-01,AUTOMOVIL,TOYOTA,PASSO,2005.0,,False,1. VERDE,,,DUDOSO,4.0,0.0,37979.26,38,B1,9.374337,3683.0,8.612248167254956,10.312044528916644,0.0,BR1,no,BR1,
AX-173813,F3D508,2024-02-01,CAMIONETA,HONDA,PILOT,2013.0,,False,1. VERDE,,,DUDOSO,3.0,0.0,276821.64,72,A2,10.414853,5750.5,11.520457351534649,48.138707938440135,0.0,BR1,no,BR1,
AX-234940,APX107,2024-02-01,CAMIONETA,HONDA,PILOT,2015.0,,False,1. VERDE,,,NORMAL,5.0,0.171023355,359198.31,49,A2,17.273139,15546.0,4.414326514859128,23.10551331532227,3.9515824006175224,BR1,no,BR1,
AX-5486555,BZY030,2024-02-01,,FIAT,PULSE,1993.0,,False,1. VERDE,,,NORMAL,3.0,0.999670288,64783.78,30,B1,9.660819,5750.5,0.0037144596122076342,11.265764716111642,11.262050256499435,BR1,no,BR1,
AX-8245547,BRX490,2024-02-01,,CHEVROLET,SPARK,2020.0,,False,1. VERDE,,,NORMAL,3.0,0.0,28406.47,32,B1,8.294384,3025.0,3.157295867768595,9.390568595041323,0.0,RM,no,RM,
AX-8376144,B6L814,2024-02-01,CAMIONETA,TOYOTA,STOUT,1982.0,,False,1. VERDE,,,NORMAL,6.0,0.0,21086.77,52,C1,5.123417,1697.0,1.7968002357100767,12.425910430170891,0.0,BR1,no,BR1,
AX-8858199,T1H628,2024-02-01,AUTOMOVIL,NISSAN,SUNNY,1993.0,,False,1. VERDE,,,NORMAL,1.0,0.0,138191.56,31,D,3.060255,1165.0,0.0,118.61936480686695,0.0,BR1,no,BR1,
AX-18551937,A6P577,2024-02-01,AUTOMOVIL,NISSAN,SUNNY,1993.0,,False,1. VERDE,,,NORMAL,3.0,0.0,8234.94,33,C2,2.870752,1125.0,0.0,7.3199466666666675,0.0,BR1,no,BR1,
AX-3722328,B3K481,2024-02-01,AUTOMOVIL,NISSAN,SUNNY,1992.0,,False,1. VERDE,,,NORMAL,4.0,0.0,49225.15,69,B1,8.907854,3383.0,5.06075376884422,14.550738989062962,0.0,BR1,no,BR1,
AX-36608967,W2J393,2024-02-01,AUTOMOVIL,NISSAN,TIIDA,2013.0,,False,1. VERDE,,,NORMAL,1.0,0.0,44952.17,40,C1,3.455292,1252.0,0.0,35.90428913738019,0.0,BR1,no,BR1,
AX-10206521,BUB338,2024-02-01,CAMIONETA,NISSAN,URVAN,2020.0,,False,1. VERDE,,,DUDOSO,1.0,0.0,13685.45,38,B2,4.41,2750.5,0.0,4.975622614070169,0.0,BR1,no,BR1,
AX-6907380,BYP043,2024-02-01,,,URVAN,2021.0,,False,1. VERDE,,,NORMAL,2.0,0.0,90736.59,47,B1,10.97824,13500.5,0.19526758268212288,6.720979963705048,0.0,BR1,no,BR1,
AX-8434651,M6H965,2024-02-01,CAMIONETA,NISSAN,URVAN,2017.0,,False,1. VERDE,,,NORMAL,4.0,0.0,42947.51,49,B2,6.756484,2285.0,0.04467833698030635,18.79540919037199,0.0,BR1,no,BR1,
AX-33692488,BUG234,2024-02-01,AUTOMOVIL,HYUNDAI,VERNA,2020.0,,False,1. VERDE,,,NORMAL,1.0,0.0,699.13,21,C1,3.554765,1275.0,0.5483372549019608,0.5483372549019608,0.0,AR,no,AR,
AX-367436,BTQ558,2024-02-01,AUTOMOVIL,NISSAN,VERSA,2020.0,,False,1. VERDE,,,DEFICIENTE,4.0,0.0,145674.93,58,A2,11.94204,5882.0,0.0,24.766224073444405,0.0,RM,no,RM,
AX-11686172,A5M437,2024-02-01,CMTA RURAL,GURGEL,X12TR,1983.0,,False,1. VERDE,,,NORMAL,3.0,0.0,49309.45,43,B2,7.420883,2579.0,2.884986428848391,19.119600620395502,0.0,BR1,no,BR1,
AX-20089838,AEU026,2024-02-01,AUTOMOVIL,TOYOTA,YARIS,2014.0,,False,1. VERDE,,,NORMAL,3.0,0.0,1257.14,27,B2,4.750699,2250.5,0.0,0.5586047544990003,0.0,AR,no,AR,
AX-6281900,BME618,2024-02-01,AUTOMOVIL,HYUNDAI,ACCENT,2020.0,,False,1. VERDE,,,NORMAL,1.0,0.0,42.58,43,B2,6.306288,2105.0,0.020228028503562943,0.020228028503562943,0.0,RM,no,RM,
AX-3853497,AMF465,2024-02-01,AUTOMOVIL,HYUNDAI,ACCENT,2015.0,,False,1. VERDE,,,NORMAL,1.0,0.0,251.41,54,C1,5.160456,1708.0,0.0,0.14719555035128806,0.0,RM,no,RM,
AX-6088791,AVS123,2024-02-01,AUTOMOVIL,HYUNDAI,ACCENT,2016.0,,False,1. VERDE,,,NORMAL,2.0,0.0,175743.22,39,A2,10.320775,4376.0,1.0814213893967093,40.160699268738576,0.0,RM,no,RM,
AX-4161600,BXF219,2024-02-01,AUTOMOVIL,HYUNDAI,ACCENT,2022.0,,False,1. VERDE,,,NORMAL,3.0,0.0,22122.86,50,B2,6.801233,2304.0,5.925855034722222,9.60193576388889,0.0,RM,no,RM,
AX-6500297,C5O524,2024-02-01,AUTOMOVIL,HYUNDAI,ACCENT,2012.0,,False,1. VERDE,,,NORMAL,6.0,0.0,86730.32,73,A1,8.763149,6250.5,13.875741140708744,13.875741140708744,0.0,RM,no,RM,
AX-202147,F6S654,2024-02-01,AUTOMOVIL,HONDA,ACCORD,2014.0,,False,1. VERDE,,,PERDIDA,2.0,0.0,2549.89,70,B2,6.067395,2015.0,1.2654540942928039,1.2654540942928039,0.0,BR1,no,BR1,
AX-2617379,V2F544,2024-02-01,CAMIONETA,KIA,CARENS,2011.0,,False,1. VERDE,,,PERDIDA,1.0,0.0,144174.13,42,B1,11.261372,5195.0,0.06648508180943215,27.752479307025986,0.0,BR1,no,BR1,
AX-10492044,AHP209,2024-02-01,AUTOMOVIL,KIA,CERATO,2014.0,,False,1. VERDE,,,PERDIDA,1.0,0.0,1492.88,56,C1,5.17445,1712.0,0.8720093457943926,0.8720093457943926,0.0,RM,no,RM,
AX-5488859,D6P409,2024-02-01,AUTOMOVIL,KIA,CERATO,2012.0,,False,1. VERDE,,,NORMAL,2.0,0.0,179305.57,35,A2,14.188002,9250.5,1.343244148964921,19.38333819793525,0.0,RM,no,RM,
AX-2650085,AVM359,2024-02-01,AUTOMOVIL,KIA,CERATO,2016.0,,False,1. VERDE,,,NORMAL,3.0,0.0,666.18,43,B2,9.360711,3674.0,0.18132280892759933,0.18132280892759933,0.0,RM,no,RM,
AX-8642190,BKO156,2024-02-01,AUTOMOVIL,KIA,CERATO,2018.0,,False,1. VERDE,,,NORMAL,4.0,0.0,8537.16,31,C1,5.237674,1850.5,2.5244636584706837,4.613434206971089,0.0,RM,no,RM,
AX-328985,F6H449,2024-02-01,CAMIONETA,RENAULT,DUSTER,2013.0,,False,1. VERDE,,,NORMAL,3.0,0.0,38523.66,51,B2,6.857784,2328.0,0.17614690721649484,16.547963917525774,0.0,RM,no,RM,
AX-9329568,AVR442,2024-02-01,CAMIONETA,RENAULT,DUSTER,2016.0,,False,1. VERDE,,,NORMAL,3.0,0.0,29553.74,32,C1,5.056438,1676.0,8.595077565632458,17.633496420047734,0.0,RM,no,RM,
AX-3060902,APG082,2024-02-01,CAMIONETA,RENAULT,DUSTER,2015.0,,False,1. VERDE,,,NORMAL,5.0,0.0,122888.84,48,B1,9.667201,3885.0,6.110530244530245,31.631619047619047,0.0,RM,no,RM,
AX-2386604,AWB038,2024-02-01,CAMIONETA,FORD,ESCAPE,2017.0,,False,1. VERDE,,,NORMAL,5.0,0.0,19124.56,58,B1,10.866857,4835.0,1.1577580144777664,3.9554415718717686,0.0,BR1,no,BR1,
AX-12785205,BYR536,2024-02-01,,HAVAL,JOLION,2022.0,,False,1. VERDE,,,NORMAL,1.0,0.0,97945.05,27,B2,11.473273,5250.5,2.4654890010475192,18.654423388248738,0.0,BR1,no,BR1,
AX-26019538,F6P960,2024-02-01,CAMIONETA,RENAULT,MASTER,2020.0,,False,1. VERDE,,,NORMAL,2.0,0.0,110624.83,44,C1,6.959071,2371.0,0.0,46.657456769295656,0.0,RM,no,RM,
AX-11504836,BDT094,2024-02-01,,MG,MG RX5,2018.0,,False,1. VERDE,,,NORMAL,2.0,0.0,37768.54,30,B1,9.19673,3565.0,3.2305582047685837,10.594260869565218,0.0,BR1,no,BR1,
AX-19905336,C2K461,2024-02-01,AUTOMOVIL,MITSUBISHI,MIRAGE,1999.0,,False,1. VERDE,,,NORMAL,2.0,0.0,5440.18,49,C1,3.26575,1209.0,1.6138792390405294,4.499735318444996,0.0,RM,no,RM,
AX-3233292,B1S266,2024-02-01,CAMIONETA,MERCEDES BENZ,ML 350,2010.0,,False,1. VERDE,,,NORMAL,3.0,0.0,41425.1,66,A2,12.409619,6405.0,6.467619047619047,6.467619047619047,0.0,BR1,no,BR1,
AX-21163867,AFU218,2024-02-01,CAMIONETA,SUZUKI,NOMADE,2015.0,,False,1. VERDE,,,NORMAL,4.0,0.0,44797.1,30,B2,9.437993,3250.5,0.13041993539455468,13.781602830333794,0.0,RM,no,RM,
AX-10771287,D0E022,2024-02-01,AUTOMOVIL,VOLKSWAGEN,PASSAT,2008.0,,False,1. VERDE,,,NORMAL,1.0,0.0,2461.49,29,C2,6.909987,2350.0,1.0474425531914893,1.0474425531914893,0.0,BR1,no,BR1,
AX-13350393,C9K320,2024-02-01,CAMIONETA,TOYOTA,PROBOX,2008.0,,False,1. VERDE,,,NORMAL,4.0,0.0,67468.72,50,B1,10.012564,5750.5,4.019093991826797,11.732670202591079,0.0,BR1,no,BR1,
AX-5510907,BPP936,2024-02-01,CAMIONETA,FORD,RANGER,1993.0,,False,1. VERDE,,,NORMAL,4.0,0.0,108034.21,68,B1,11.773599,5704.0,0.7266970546984572,18.940078892005612,0.0,BR1,no,BR1,
AX-3556425,AJH704,2024-02-01,CAMIONETA,FORD,RANGER,2014.0,,False,1. VERDE,,,CON PROBLEMAS POTENCIALES,6.0,0.0,323408.23,56,B1,12.825617,7750.5,15.86488097542094,41.72740210309012,0.0,BR1,no,BR1,
AX-231014,BCB814,2024-02-01,CAMIONETA,JAC,REFINE,2020.0,,False,1. VERDE,,,DEFICIENTE,3.0,0.0,20197.43,55,B1,8.186175,2966.0,1.1521780175320298,6.809652730950775,0.0,BR1,CHINOS,BR1,
AX-1843419,AAZ186,2024-02-01,CAMIONETA,SSANGYONG,RODIUS,2014.0,,False,1. VERDE,,,NORMAL,4.0,0.0,424062.4,61,A2,15.710931,11693.0,8.425253570512274,36.26634738732575,0.0,BR1,no,BR1,
AX-5167925,AEK531,2024-02-01,AUTOMOVIL,NISSAN,SENTRA,2014.0,,False,1. VERDE,,,NORMAL,3.0,0.0,37.68,32,B1,7.919048,2825.0,0.013338053097345133,0.013338053097345133,0.0,AR,no,AR,
AX-3696746,BEN022,2024-02-01,AUTOMOVIL,NISSAN,SENTRA,2018.0,,False,1. VERDE,,,NORMAL,3.0,0.0,11177.76,59,B1,10.246233,4317.0,2.589242529534399,2.589242529534399,0.0,AR,no,AR,
AX-1785778,AOF078,2024-02-01,AUTOMOVIL,NISSAN,SENTRA,1998.0,,False,1. VERDE,,,DEFICIENTE,6.0,0.0,128352.82,65,A2,12.757187,6824.0,2.271431711606096,18.809029894490035,0.0,AR,no,AR,
AX-9962081,BWK295,2024-02-01,CAMIONETA,VOLKSWAGEN,TCROSS,2021.0,,False,1. VERDE,,,NORMAL,3.0,0.0,86141.23,59,A2,11.416934,5250.5,1.2437958289686697,16.406290829444814,0.0,BR1,no,BR1,
AX-3198330,BRU236,2024-02-01,CAMIONETA,VOLKSWAGEN,TCROSS,2020.0,,False,1. VERDE,,,NORMAL,3.0,0.0,28393.31,40,A2,11.749856,5679.0,0.42869519281563656,4.999702412396549,0.0,BR1,no,BR1,
AX-3834420,BHX584,2024-02-01,,VOLKSWAGEN,TIGUAN,2018.0,,False,1. VERDE,,,NORMAL,2.0,0.0,2222.09,49,A2,6.178442,14500.5,0.15324230198958658,0.15324230198958658,0.0,BR2,no,BR2,
AX-1829601,BXE185,2024-02-01,CAMIONETA,VOLKSWAGEN,TIGUAN,2021.0,,False,1. VERDE,,,NORMAL,4.0,0.0,2.9,70,B2,6.590887,2217.0,0.0013080739738385205,0.0013080739738385205,0.0,BR2,no,BR2,
AX-3063943,BLN620,2024-02-01,,VOLKSWAGEN,TIGUAN,2019.0,,False,1. VERDE,,,CON PROBLEMAS POTENCIALES,4.0,0.0,641968.25,38,A2,13.599591,7957.0,4.32773784089481,80.67968455448033,0.0,BR2,no,BR2,
AX-1901125,D0J528,2024-02-01,CAMIONETA,HYUNDAI,TUCSON,2013.0,,False,1. VERDE,,,NORMAL,1.0,0.0,49279.46,54,C1,5.686555,1880.0,0.0,26.212478723404256,0.0,BR1,no,BR1,
AX-11069622,AWQ039,2024-02-01,CAMIONETA,SUZUKI,VITARA,2017.0,,False,1. VERDE,,,NORMAL,2.0,0.0,139961.22,24,B1,8.68137,6250.5,0.8447276217902568,22.392003839692826,0.0,RM,no,RM,
AX-5675883,AWQ109,2024-02-01,,NISSAN,XTRAIL,2016.0,,False,1. VERDE,,,NORMAL,1.0,0.0,775.03,38,B2,7.399044,2569.0,0.30168548073180224,0.30168548073180224,0.0,BR2,no,BR2,
AX-32741113,AUP025,2024-02-01,CAMIONETA,TOYOTA,4RUNNER,2016.0,,False,1. VERDE,,,NORMAL,1.0,0.0,2467.44,24,C1,5.190719,1718.0,1.4362281722933643,1.4362281722933643,0.0,BR1,no,BR1,
AX-2500519,BDP210,2024-02-01,AUTOMOVIL,CITROEN,CELYSEE,2017.0,,False,1. VERDE,,,NORMAL,6.0,0.0,160517.9,42,A2,12.383918,6375.0,17.41526745098039,25.17927843137255,0.0,BR1,no,BR1,
AX-33676080,BQM013,2024-02-01,AUTOMOVIL,TOYOTA,COROLLA,2003.0,,False,1. VERDE,,,NORMAL,1.0,0.0,9170.24,27,A2,8.207472,2977.0,3.0803627813234797,3.0803627813234797,0.0,AR,no,AR,
AX-3660594,BKX595,2024-02-01,AUTOMOVIL,TOYOTA,COROLLA,2019.0,,False,1. VERDE,,,CON PROBLEMAS POTENCIALES,1.0,0.0,5978.15,40,B2,5.318453,1758.0,0.0,3.4005403868031854,0.0,AR,no,AR,
AX-3082160,X1E631,2024-02-01,CAMIONETA,TOYOTA,COROLLA,2006.0,,False,1. VERDE,,,NORMAL,1.0,0.0,10000.0,52,B2,6.838965,2320.0,0.0,4.310344827586207,0.0,AR,no,AR,
AX-24920498,F9J632,2024-02-01,AUTOMOVIL,TOYOTA,COROLLA,1999.0,,False,1. VERDE,,,NORMAL,1.0,0.0,4116.0,44,D,2.887312,1129.0,0.0,3.645704162976085,0.0,AR,no,AR,
AX-5040115,C9N616,2024-02-01,AUTOMOVIL,TOYOTA,COROLLA,1997.0,,False,1. VERDE,,,PERDIDA,2.0,0.0,4018.09,38,C2,3.768884,1325.0,3.0325207547169812,3.0325207547169812,0.0,AR,no,AR,
AX-145616,D8B291,2024-02-01,AUTOMOVIL,TOYOTA,COROLLA,2013.0,,False,1. VERDE,,,NORMAL,2.0,0.0,8344.07,62,B2,7.360851,2551.0,3.2709016072128576,3.2709016072128576,0.0,AR,no,AR,
AX-3084614,BHH101,2024-02-01,AUTOMOVIL,TOYOTA,COROLLA,2018.0,,False,1. VERDE,,,NORMAL,3.0,0.0,342455.75,44,A1,14.5055,9386.0,1.335685062859578,36.48580332409972,0.0,AR,no,AR,
AX-1908896,AHI475,2024-02-01,AUTOMOVIL,TOYOTA,COROLLA,1999.0,,False,1. VERDE,,,NORMAL,3.0,0.0,810199.25,47,A1,18.954243,27500.5,0.2371044162833403,29.461255249904546,0.0,AR,no,AR,
AX-20333643,BZI632,2024-02-01,AUTOMOVIL,TOYOTA,COROLLA,2022.0,,False,1. VERDE,,,NORMAL,3.0,0.0,63200.91,33,B2,8.599783,3198.0,0.7269199499687304,19.762636022514073,0.0,AR,no,AR,
AX-17356730,D3V209,2024-02-01,AUTOMOVIL,HYUNDAI,ELANTRA,2012.0,,False,1. VERDE,,,NORMAL,3.0,0.0,20180.02,36,B2,6.963928,2373.0,8.50401179941003,8.50401179941003,0.0,RM,no,RM,
AX-1851656,BSM508,2024-02-01,CAMIONETA,CHEVROLET,EQUINOX,2019.0,,False,1. VERDE,,,NORMAL,3.0,0.0,35397.99,48,B1,11.826978,5759.0,2.910415002604619,6.146551484632749,0.0,BR1,no,BR1,
AX-8325854,ALB914,2024-02-01,CAMIONETA,FIAT,FIORINO,2015.0,,False,1. VERDE,,,NORMAL,2.0,0.0,5678.14,30,C1,4.760862,1588.0,0.7947670025188917,3.5756549118387913,0.0,BR1,no,BR1,
AX-28320312,ADF821,2024-02-01,CAMION,VOLVO,FM 6X4R,2007.0,,False,1. VERDE,,,NORMAL,2.0,0.0,57537.0,29,B2,5.890214,6250.5,0.0,9.205183585313176,0.0,BR1,no,BR1,
AX-4986756,T4M019,2024-02-01,AUTOMOVIL,SUBARU,IMPREZA,2017.0,,False,1. VERDE,,,NORMAL,2.0,0.0,10569.55,27,B1,9.686028,7750.5,1.3637249209728404,1.3637249209728404,0.0,AR,no,AR,
AX-3184497,BPP575,2024-02-01,,SUBARU,IMPREZA,2020.0,,False,1. VERDE,,,NORMAL,3.0,0.0,38126.2,36,B2,13.490418,4750.5,2.985117356067782,8.025723608041258,0.0,AR,no,AR,
AX-5269914,F0X292,2024-02-01,AUTOMOVIL,MAZDA,MAZDA 2,2014.0,,False,1. VERDE,,,NORMAL,1.0,0.0,15417.42,62,A1,15.725786,22500.5,0.6852034399235573,0.6852034399235573,0.0,RM,no,RM,
AX-22064637,BHE662,2024-02-01,AUTOMOVIL,MAZDA,MAZDA 3,2017.0,,False,1. VERDE,,,NORMAL,1.0,0.0,7001.75,26,C1,4.754603,1586.0,4.099464060529634,4.414722572509458,0.0,AR,no,AR,
AX-4627112,BYR507,2024-02-01,AUTOMOVIL,MAZDA,MAZDA 3,1993.0,,False,1. VERDE,,,NORMAL,3.0,0.0,16210.0,45,A1,12.120585,27500.5,0.0,0.589443828294031,0.0,AR,no,AR,
AX-26456666,AFA345,2024-02-01,AUTOMOVIL,MAZDA,MAZDA 3,2015.0,,False,1. VERDE,,,NORMAL,5.0,0.0,76457.78,28,B1,10.347051,5750.5,5.4468776628119295,13.295849056603773,0.0,AR,no,AR,
AX-1867867,ARD629,2024-02-01,AUTOMOVIL,MAZDA,MAZDA 3,2016.0,,False,1. VERDE,,,NORMAL,5.0,0.0,9170.05,48,A2,14.54252,9449.0,0.9704783574981479,0.9704783574981479,0.0,AR,no,AR,
AX-9489697,M4Z433,2024-02-01,AUTOMOVIL,MAZDA,MAZDA 3,2020.0,,False,1. VERDE,,,NORMAL,6.0,0.0,314.0,31,A2,9.866983,4029.0,0.0779349714569372,0.0779349714569372,0.0,AR,no,AR,
AX-4757159,AVP118,2024-02-01,CAMIONETA,NISSAN,MISTRAL,1995.0,,False,1. VERDE,,,NORMAL,1.0,0.0,4535.72,68,B2,7.378952,2560.0,1.771765625,1.771765625,0.0,BR1,no,BR1,
AX-1951704,BEE408,2024-02-01,CAMIONETA,NISSAN,QASHQAI,2017.0,,False,1. VERDE,,,NORMAL,1.0,0.0,13084.08,50,A2,14.798498,9901.0,1.3214907585092415,1.3214907585092415,0.0,BR1,no,BR1,
AX-2886172,ADN236,2024-02-01,CAMIONETA,NISSAN,QASHQAI,2014.0,,False,1. VERDE,,,NORMAL,2.0,0.0,24359.12,48,A2,8.567945,11500.5,2.0419738272249033,2.1180922568583975,0.0,BR1,no,BR1,
AX-3156750,BSD517,2024-02-01,CAMIONETA,SUZUKI,S-CROSS,2020.0,,False,1. VERDE,,,NORMAL,5.0,0.0,59602.84,44,B1,12.307371,6287.0,3.3771973914426594,9.4803308414188,0.0,BR1,no,BR1,
AX-28419888,AJM590,2024-02-01,CAMIONETA,KIA,SORENTO,2015.0,,False,1. VERDE,,,NORMAL,1.0,0.0,4481.2,48,B1,12.312631,6293.0,0.7120928015255045,0.7120928015255045,0.0,BR2,no,BR2,
AX-1678094,BFZ317,2024-02-01,CAMIONETA,KIA,SORENTO,2018.0,,False,1. VERDE,,,NORMAL,3.0,0.0,130148.06,51,B1,7.472035,2603.0,3.7373837879369955,49.99925470610834,0.0,BR2,no,BR2,
AX-10265434,BDV442,2024-02-01,CAMIONETA,KIA,SORENTO,2018.0,,False,1. VERDE,,,NORMAL,4.0,0.0,9553.45,43,C1,5.214901,1725.0,0.7227478260869565,5.538231884057971,0.0,BR2,no,BR2,
AX-1905476,AID365,2024-02-01,AUTOMOVIL,DAEWOO,TICO SX,1996.0,,False,1. VERDE,,,NORMAL,1.0,0.0,359699.89,49,A1,18.425039,19179.0,0.2971192450075603,18.75488242348402,0.0,BR1,no,BR1,
AX-8902133,AMC321,2024-02-01,CAMIONETA,CHEVROLET,TRACKER,2014.0,,False,1. VERDE,,,NORMAL,4.0,0.0,1724.87,37,C2,5.017421,1664.0,1.0365805288461538,1.0365805288461538,0.0,BR1,no,BR1,
AX-5467087,ADA425,2024-02-01,CAMIONETA,NISSAN,X-TRAIL,2014.0,,False,1. VERDE,,,NORMAL,3.0,0.0,46714.66,41,A1,12.50701,9750.5,4.791001487103226,4.791001487103226,0.0,BR2,no,BR2,
AX-4498311,BZU173,2024-02-01,CAMIONETA,MITSUBISHI,XPANDER,2022.0,,False,1. VERDE,,,NORMAL,5.0,0.0,117619.4,68,B1,14.148488,8794.0,2.185731180350239,13.374960200136456,0.0,RM,no,RM,
AX-2315138,AYV682,2024-02-01,CAMIONETA,JEEP,CHEROKEE,2017.0,,False,1. VERDE,,,NORMAL,3.0,0.0,52868.66,42,A2,9.64087,3866.0,2.5009467149508535,13.675287118468702,0.0,BR2,no,BR2,
AX-1719831,F5P384,2024-02-01,CAMIONETA,JEEP,CHEROKEE,2013.0,,False,1. VERDE,,,NORMAL,4.0,0.0,641994.21,56,B1,15.814539,1950.5,17.333196616252245,329.1434042553191,0.0,BR2,no,BR2,
AX-14472,BEK684,2024-02-01,CAMIONETA,JEEP,CHEROKEE,2018.0,,False,1. VERDE,,,NORMAL,4.0,0.0,139052.93,61,A1,13.559653,7899.0,9.720178503608052,17.60386504620838,0.0,BR2,no,BR2,
AX-2610255,Z7X870,2024-02-01,CAMIONETA,CHEVROLET,COLORADO,2022.0,,False,1. VERDE,,,NORMAL,5.0,0.0,65770.79,37,B1,8.942758,10500.5,3.5429150992809864,6.263586495881148,0.0,RM,no,RM,
AX-3157232,ANO110,2024-02-01,CAMIONETA,FORD,ECOSPORT,2015.0,,False,1. VERDE,,,NORMAL,5.0,0.0,426491.7,40,A2,14.536715,9439.0,4.357402267189321,45.18399194829961,0.0,BR2,no,BR2,
AX-24332774,V3R770,2024-02-01,CAMION,VOLVO,FMX 6X4R,2012.0,,False,1. VERDE,,,DEFICIENTE,1.0,0.0,39638.29,35,C1,4.766378,1590.0,0.0,24.92974213836478,0.0,BR1,no,BR1,
AX-3878083,AAV027,2024-02-01,CAMIONETA,SUBARU,FORESTER,2014.0,,False,1. VERDE,,,NORMAL,2.0,0.0,1738.7,48,A1,6.747508,32500.5,0.05349763849786927,0.05349763849786927,0.0,RM,no,RM,
AX-19725873,A4K810,2024-02-01,CAMIONETA,NISSAN,FRONTIER,2010.0,,False,1. VERDE,,,NORMAL,1.0,0.0,59982.38,31,E,3.348919,1228.0,0.0,48.84558631921824,0.0,BR1,no,BR1,
AX-4400467,BHZ890,2024-02-01,CAMIONETA,NISSAN,FRONTIER,2020.0,,False,1. VERDE,,,NORMAL,2.0,0.0,132338.1,50,A2,9.933338,6750.5,14.609920746611362,19.604192282053184,0.0,BR1,no,BR1,
AX-1946427,ASM077,2024-02-01,CAMIONETA,HAVAL,HAVAL H6,2016.0,,False,1. VERDE,,,NORMAL,4.0,0.0,171048.78,53,B1,5.837652,4250.5,3.4395671097517937,40.24203740736384,0.0,BR1,CHINOS,BR1,
AX-23728961,BWZ689,2024-02-01,OMNIBUS,JOYLONG,HKL6600C,2020.0,,False,1. VERDE,,,NORMAL,1.0,0.0,7245.94,29,D,3.18985,1193.0,0.0,6.07371332774518,0.0,BR1,no,BR1,
AX-6518669,BSW536,2024-02-01,CAMIONETA,HYUNDAI,SANTA FE,2021.0,,False,1. VERDE,,,PERDIDA,2.0,1.0,42803.46,38,A2,13.725936,15500.5,0.0,2.7614244701783814,2.7614244701783814,BR2,no,BR2,
AX-3340096,BJL470,2024-02-01,CAMIONETA,HYUNDAI,SANTA FE,2017.0,,False,1. VERDE,,,NORMAL,3.0,0.0,82891.96,46,A1,11.680922,15500.5,1.6203928905519178,5.34769588077804,0.0,BR2,no,BR2,
AX-24254347,AFZ104,2024-02-01,CAMIONETA,HYUNDAI,SANTA FE,2014.0,,False,1. VERDE,,,NORMAL,4.0,0.0,62682.82,66,B1,8.727181,3273.0,6.276382523678582,19.15148793156126,0.0,BR2,no,BR2,
AX-9037801,BVV211,2024-02-01,CAMIONETA,HYUNDAI,SANTA FE,2021.0,,False,1. VERDE,,,NORMAL,4.0,0.0,40097.78,34,B1,7.459095,1850.5,12.63659551472575,21.66861929208322,0.0,BR2,no,BR2,
AX-264264,AEO347,2024-02-01,CAMIONETA,KIA,SPORTAGE,2014.0,,False,1. VERDE,,,NORMAL,3.0,0.0,12592.51,49,A2,11.616422,4250.5,1.8395059404775909,2.9625949888248444,0.0,BR2,no,BR2,
AX-9109060,D7C429,2024-02-01,CAMION,NISSAN,SUNNY FE,1998.0,,False,1. VERDE,,,NORMAL,2.0,0.0,321.72,34,C1,4.349551,1850.5,0.11503377465549852,0.17385571467171038,0.0,BR1,no,BR1,
AX-8811256,C0U524,2024-02-01,AUTOMOVIL,HYUNDAI,VELOSTER,2012.0,,False,1. VERDE,,,NORMAL,2.0,0.0,65288.99,38,B1,13.149977,7331.0,2.4817760196426137,8.90587777929341,0.0,BR1,no,BR1,
AX-6179122,D0R791,2024-02-01,CAMIONETA,GREAT WALL,WINGLE 5,2013.0,,False,1. VERDE,,,NORMAL,4.0,0.0,10306.4,34,B2,7.853188,3250.5,1.9759021688970928,3.1707121981233657,0.0,BR1,CHINOS,BR1,
AX-3332211,A8Z009,2024-02-01,CAMIONETA,NISSAN,WINGROAD,2005.0,,False,1. VERDE,,,NORMAL,3.0,0.0,54214.22,45,B1,14.491865,9363.0,0.702264231549717,5.790261668268718,0.0,BR1,no,BR1,
AX-10720926,B9F072,2024-02-01,CAMIONETA,NISSAN,WINGROAD,2007.0,,False,1. VERDE,,,NORMAL,4.0,0.0,34306.25,29,C1,5.484091,2250.5,13.678862475005554,15.243834703399244,0.0,BR1,no,BR1,
AX-33139211,T5P929,2024-02-01,CAMIONETA,NISSAN,BLGD21ASF,1996.0,,False,1. VERDE,,,NORMAL,1.0,0.0,27188.33,61,D,3.303133,1217.0,0.0,22.340451930977817,0.0,BR1,no,BR1,
AX-6557203,D9K727,2024-02-01,CAMION,INTERNATIONAL,7600SBA6X4,2013.0,,False,1. VERDE,,,NORMAL,3.0,0.0,9548.73,35,B2,3.469376,1450.5,0.5321475353326439,6.58306101344364,0.0,BR1,no,BR1,
AX-6430755,ARY943,2024-02-01,CAMION,INTERNATIONAL,7600SBA6X4,2016.0,,False,1. VERDE,,,NORMAL,4.0,0.0,197127.24,43,B1,11.870056,6250.5,1.2526405887528997,31.537835373170147,0.0,BR1,no,BR1,
AX-5484397,BYA523,2024-02-01,CAMIONETA,DODGE,DURANGO GT,2021.0,,False,1. VERDE,,,NORMAL,1.0,0.0,6571.35,34,A1,9.039693,3750.5,1.7521263831489136,1.7521263831489136,0.0,BR1,no,BR1,
AX-1897229,C5C386,2024-02-01,CAMIONETA,HYUNDAI,H1 MINIBUS,2012.0,,False,1. VERDE,,,NORMAL,3.0,0.0,39137.44,56,C1,6.637203,2236.0,0.0,17.503327370304117,0.0,BR1,no,BR1,
AX-3655627,BEN787,2024-02-01,CAMION,HYUNDAI,H100 TRUCK,2020.0,,False,1. VERDE,,,NORMAL,1.0,0.0,117333.92,58,A1,10.401596,4441.0,19.39054041882459,26.420607971177663,0.0,BR1,no,BR1,
AX-24539232,AJY773,2024-02-01,CAMION,HYUNDAI,H100 TRUCK,2015.0,,False,1. VERDE,,,NORMAL,1.0,0.0,82977.76,26,B2,7.349147,2750.5,0.0,30.168245773495727,0.0,BR1,no,BR1,
AX-32452959,BSE720,2024-02-01,CAMION,HYUNDAI,H100 TRUCK,2023.0,,False,1. VERDE,,,NORMAL,6.0,0.0,112558.92,40,B1,7.751971,2740.0,2.7363357664233576,41.07989781021898,0.0,BR1,no,BR1,
AX-36180619,BSW495,2024-02-01,CAMIONETA,HYUNDAI,NEW TUCSON,2021.0,,False,1. VERDE,,,NORMAL,1.0,0.0,15967.52,36,C1,4.215411,1438.0,0.0,11.103977746870655,0.0,BR1,no,BR1,
AX-5584390,ASS090,2024-02-01,CAMIONETA,HYUNDAI,NEW TUCSON,2016.0,,False,1. VERDE,,,NORMAL,1.0,0.0,10662.15,32,B2,8.471563,3124.0,3.4129801536491677,3.4129801536491677,0.0,BR1,no,BR1,
AX-12846073,BZL199,2024-02-01,CAMIONETA,HYUNDAI,NEW TUCSON,2022.0,,False,1. VERDE,,,NORMAL,2.0,0.0,1082107.62,35,A2,12.713653,6770.0,0.5785420974889217,159.83864401772527,0.0,BR1,no,BR1,
AX-10553297,AVC336,2024-02-01,CAMIONETA,HYUNDAI,NEW TUCSON,2016.0,,False,1. VERDE,,,NORMAL,3.0,0.0,6715.21,58,B2,6.616468,2227.0,1.0750920520880107,3.0153614728334084,0.0,BR1,no,BR1,
AX-2319071,CAY219,2024-02-01,CAMIONETA,HYUNDAI,NEW TUCSON,2023.0,,False,1. VERDE,,,NORMAL,7.0,0.0,11129.69,63,B1,11.21937,5156.0,2.158589992242048,2.158589992242048,0.0,BR1,no,BR1,
AX-3176500,TBE824,2024-02-01,CAMIONETA,PEUGEOT,PICKUP KP1,2021.0,,False,1. VERDE,,,NORMAL,2.0,0.0,200599.17,29,B1,12.159051,7250.5,9.488312530170333,27.666942969450385,0.0,BR1,no,BR1,
AX-7817936,BLK796,2024-02-01,CAMIONETA,PEUGEOT,PICKUP KP1,2021.0,,False,1. VERDE,,,CON PROBLEMAS POTENCIALES,5.0,0.0,108840.19,39,B2,11.417925,5346.0,1.3244687616909838,20.35918256640479,0.0,BR1,no,BR1,
AX-9057283,AKN051,2024-02-01,AUTOMOVIL,TOYOTA,TERCEL STD,1996.0,,False,1. VERDE,,,NORMAL,2.0,0.0,78736.8,31,B2,10.651425,4648.0,7.7783993115318415,16.939931153184165,0.0,BR1,no,BR1,
AX-20345826,BPC050,2024-02-01,AUTOMOVIL,GREAT WALL,VOLEEX C30,2020.0,,False,1. VERDE,,,NORMAL,2.0,0.0,2523.47,40,B2,6.803242,2305.0,0.7154316702819956,1.0947809110629065,0.0,BR1,CHINOS,BR1,
AX-3983134,ANG459,2024-02-01,CAMIONETA,DODGE,DURANGO SXT,2015.0,,False,1. VERDE,,,NORMAL,4.0,0.0,117539.99,37,B1,13.09709,7260.0,4.872202479338843,16.190081267217632,0.0,BR1,no,BR1,
PE-DNI-40359428-19791028,AKM222,2024-02-01,AUTOMOVIL,NISSAN,MLA31GFCR11,1983.0,,False,1. VERDE,,,NORMAL,1.0,0.0,565.87,44,C1,3.165837,1187.0,0.4767228306655434,0.4767228306655434,0.0,BR1,no,BR1,
AX-9729642,B9B494,2024-02-01,AUTOMOVIL,NISSAN,SUNNY E-B12,1986.0,,False,1. VERDE,,,CON PROBLEMAS POTENCIALES,3.0,0.0,77659.94,46,B1,7.957424,2844.0,1.8215506329113924,27.306589310829818,0.0,BR1,no,BR1,
AX-10670568,P3V649,2024-02-01,CAMIONETA,CHERY,TIGGO 2 PRO,2022.0,,False,1. VERDE,,,NORMAL,4.0,0.0,65644.37,35,B2,7.769361,2250.5,16.37635192179516,29.168793601421903,0.0,BR1,CHINOS,BR1,
AX-7302011,CAA615,2024-02-01,CAMIONETA,CHERY,TIGGO 7 PRO,2023.0,,False,1. VERDE,,,PERDIDA,2.0,0.0,2163.95,38,A2,6.937468,2362.0,0.3333403895004234,0.9161515664690939,0.0,BR1,CHINOS,BR1,
AX-31687277,BZW671,2024-02-01,CAMIONETA,CHERY,TIGGO 7 PRO,1993.0,,False,1. VERDE,,,NORMAL,3.0,0.0,12369.37,42,B2,5.844443,1935.0,0.7796020671834625,6.3924392764857885,0.0,BR1,CHINOS,BR1,
AX-254505,D5C399,2024-02-01,AUTOMOVIL,NISSAN,TIIDA LATIO,2011.0,,False,1. VERDE,,,NORMAL,2.0,0.0,1368.44,59,B2,6.64359,2238.0,0.6114566577301161,0.6114566577301161,0.0,BR1,no,BR1,
AX-33347734,C1Z232,2024-02-01,AUTOMOVIL,TOYOTA,CAMRY 3.0 GX,1998.0,,False,1. VERDE,,,NORMAL,1.0,0.0,283.07,44,C2,3.055388,1164.0,0.0,0.2431872852233677,0.0,BR1,no,BR1,
AX-8308585,AVW931,2024-02-01,CAMIONETA,CHANGHE,CH5026XXYLE4,2017.0,,False,1. VERDE,,,NORMAL,6.0,0.506892897,132452.3,34,A2,11.387019,6750.5,2.2196222502036886,19.621109547440927,9.945801051773943,BR1,no,BR1,
AX-1875124,A8W549,2024-02-01,CAMIONETA,LAND ROVER,DEFENDER 110,2010.0,,False,1. VERDE,,,CON PROBLEMAS POTENCIALES,3.0,0.0,4572.55,49,A2,10.1856,4270.0,1.0708548009367682,1.0708548009367682,0.0,BR1,no,BR1,
AX-5900980,BAX894,2024-02-01,CAMION,ISUZU,FVR34ULQDPES,2018.0,,False,1. VERDE,,,NORMAL,1.0,0.0,75355.11,70,B1,9.272424,7250.5,0.12296255430659954,10.393091510930281,0.0,BR1,no,BR1,
AX-36774894,BNY780,2024-02-01,CAMION,KIA,TOWNER K2500,2022.0,,False,1. VERDE,,,NORMAL,2.0,0.0,98280.61,46,B1,11.314717,5246.0,1.7711513534121233,18.734390011437284,0.0,BR1,no,BR1,
AX-8091905,BMW762,2024-02-01,CAMION,FOTON,BJ1108VEJEDFA,2021.0,,False,1. VERDE,,,NORMAL,4.0,0.0,66888.43,60,B1,8.026332,2880.0,6.9942673611111115,23.225149305555554,0.0,BR1,no,BR1,
AX-8338019,BMU415,2024-02-01,,MERCEDES BENZ,GLA 180 SPORT,2020.0,,False,1. VERDE,,,NORMAL,3.0,0.0,149244.6,32,A2,15.012584,12500.5,0.0,11.939090436382545,0.0,BR1,no,BR1,
AX-8047075,Z5C866,2024-02-01,CAMION,FORLAND,INCAPOWER F45,2013.0,,False,1. VERDE,,,NORMAL,2.0,0.0,7792.4,49,B1,6.559587,2204.0,1.9130217785843922,3.53557168784029,0.0,BR1,no,BR1,
AX-8317869,D7P383,2024-02-01,CAMIONETA,MITSUBISHI,MONTERO SPORT,2012.0,,False,1. VERDE,,,NORMAL,2.0,0.0,1076.31,31,B1,5.522406,2750.5,0.39131430648972915,0.39131430648972915,0.0,BR1,no,BR1,
AX-10511149,D4B469,2024-02-01,AUTOMOVIL,NISSAN,BAYALFAB13SW14,1995.0,,False,1. VERDE,,,NORMAL,4.0,0.0,105162.78,30,B2,9.214014,3577.0,11.833262510483646,29.399714844842045,0.0,BR1,no,BR1,
AX-290214,F2Z248,2024-02-01,CAMIONETA,SUBARU,ALL NEW OUTBACK,2013.0,,False,1. VERDE,,,NORMAL,1.0,0.0,65469.14,66,A1,13.48367,7790.0,8.404254172015404,8.404254172015404,0.0,RM,no,RM,
AX-6403061,BWE432,2024-02-01,CAMIONETA,JEEP,COMPASS LIMITED,2021.0,,False,1. VERDE,,,NORMAL,6.0,0.0,49929.67,41,B2,9.133673,3525.0,0.1900595744680851,14.164445390070922,0.0,BR1,no,BR1,
AX-4794920,BHX178,2024-02-01,CAMIONETA,CHANGAN,GRAND VAN TURISMO,2019.0,,False,1. VERDE,,,NORMAL,1.0,0.0,6398.82,46,B1,8.967168,3419.0,1.871547236033928,1.871547236033928,0.0,BR1,CHINOS,BR1,
AX-10663763,AZH378,2024-02-01,CAMIONETA,TOYOTA,LAND CRUISER PRADO,2017.0,,False,1. VERDE,,,NORMAL,2.0,0.0,69643.18,50,A2,11.01952,4971.0,1.5349185274592636,14.009893381613356,0.0,BR1,no,BR1,
AX-1825980,AYK420,2024-02-01,CAMIONETA,TOYOTA,LAND CRUISER PRADO,2017.0,,False,1. VERDE,,,NORMAL,2.0,0.055559534,1948714.14,51,A1,19.699862,24197.0,1.2966946315658965,80.53536140843906,4.4745071703103685,BR1,no,BR1,
AX-1745978,C1I014,2024-02-01,CAMIONETA,SSANG YONG,STAVIC AUT 2.7D 4X2,2012.0,,False,1. VERDE,,,CON PROBLEMAS POTENCIALES,2.0,0.0,16247.8,77,A2,4.92281,1636.0,9.931418092909535,9.931418092909535,0.0,BR1,no,BR1,
AX-8320511,V0Y877,2024-02-01,,MERCEDES BENZ,SPRINTER 515CDIC4325,2019.0,,False,1. VERDE,,,PERDIDA,2.0,0.0,120604.48,54,C1,4.674382,1563.0,0.0,77.16217530390274,0.0,BR1,no,BR1,
AX-1532464,D0E648,2024-02-01,CAMIONETA,AUDI,Q5 2.0 TFSI 225HP TIPTRONIC,2013.0,,False,1. VERDE,,,NORMAL,2.0,0.0,121353.08,60,A2,16.342406,13120.0,4.7859847560975615,9.24947256097561,0.0,BR1,no,BR1,
AX-1696879,D7E205,2024-02-01,CAMIONETA,SUBARU,FORESTER 20 XT AWD CVT TURBO,2013.0,,False,1. VERDE,,,DEFICIENTE,2.0,0.0,141157.23,43,A1,12.624872,7750.5,3.689959357460809,18.21266111863751,0.0,RM,no,RM,
AX-30479081,D8Z548,2024-02-01,,TOYOTA,LAND CRUISER PRADO TXL 27 MT,2013.0,,False,1. VERDE,,,NORMAL,6.0,0.0,3433.03,55,C1,5.425507,1793.0,0.3208198549916341,1.9146848856664809,0.0,BR1,no,BR1,
AX-5505109,D4B014,2024-02-01,CAMIONETA,MITSUBISHI,NATIVA 4X4 3.5 V6 GLS AT A/T,2012.0,,False,1. VERDE,,,NORMAL,3.0,0.0,21920.42,57,A2,9.778001,3964.0,5.529873864783047,5.529873864783047,0.0,BR1,no,BR1,
AX-3959517,D1H460,2024-02-01,CAMIONETA,NISSAN,AD,2003.0,,False,1. VERDE,,,,,,,68,C1,4.699893,1571.0,,,,BR1,no,BR1,
AX-7352943,BNJ923,2024-02-01,CAMION,KYC,X5,2022.0,,False,1. VERDE,,,,,,,31,C2,5.145119,1703.0,,,,BR1,no,BR1,
AX-33612916,AWN143,2024-02-01,CAMIONETA,SUBARU,XV,2017.0,,False,1. VERDE,,,,,,,52,A2,9.867239,4029.0,,,,RM,no,RM,
AX-2613296,F3W589,2024-02-01,AUTOMOVIL,PEUGEOT,208,2013.0,,False,1. VERDE,,,,,,,57,B1,8.629159,13500.5,,,,BR1,no,BR1,
AX-5396838,BFZ302,2024-02-01,CAMIONETA,MITSUBISHI,ASX,2018.0,,False,1. VERDE,,,,,,,56,C2,3.345544,1227.0,,,,BR1,no,BR1,
AX-4156854,D9M047,2024-02-01,AUTOMOVIL,CHEVROLET,HHR,2009.0,,False,1. VERDE,,,,,,,34,C1,7.695516,2750.5,,,,RM,no,RM,
AX-4556627,BKJ135,2024-02-01,,HYUNDAI,I10,2019.0,,False,1. VERDE,,,,,,,49,C1,4.121069,1413.0,,,,RM,no,RM,
AX-3318908,Z6H480,2024-02-01,AUTOMOVIL,KIA,RIO,2021.0,,False,1. VERDE,,,,,,,27,C1,5.297283,1751.0,,,,RM,no,RM,
AX-9015901,BZH043,2024-02-01,AUTOMOVIL,KIA,RIO,2022.0,,False,1. VERDE,,,,,,,53,C1,6.440218,2157.0,,,,RM,no,RM,
AX-3830827,BMH702,2024-02-01,CAMIONETA,MAXUS,T60,2021.0,,False,1. VERDE,,,,,,,39,A2,5.691617,1882.0,,,,BR1,CHINOS,BR1,
AX-4488958,W4X234,2024-02-01,CAMIONETA,PEUGEOT,3008,2022.0,,False,1. VERDE,,,,,,,46,A2,6.405592,8750.5,,,,BR1,no,BR1,
AX-9604648,A2Q213,2024-02-01,CAMIONETA,HONDA,CR-V,2010.0,,False,1. VERDE,,,,,,,28,B1,7.486949,7250.5,,,,BR2,no,BR2,
AX-1885839,BHO770,2024-02-01,CAMION,HYUNDAI,HD35,2021.0,,False,1. VERDE,,,,,,,59,B1,4.370493,6250.5,,,,BR1,no,BR1,
AX-2878766,BDO694,2024-02-01,CAMION,CHEVROLET,N300,2017.0,,False,1. VERDE,,,,,,,50,B2,5.160439,2750.5,,,,RM,no,RM,
AX-6303175,AZ6160,2024-02-01,,,NULO,,,False,1. VERDE,,,,,,,78,A2,7.358523,2550.0,,,,BR1,no,BR1,
AX-22237789,FOY733,2024-02-01,,,NULO,,,False,1. VERDE,,,,,,,44,B2,7.416886,2577.0,,,,BR1,no,BR1,
AX-33209274,Z4A306,2024-02-01,,,NULO,,,False,1. VERDE,,,,,,,35,A2,2.924909,1136.0,,,,BR1,no,BR1,
AX-1972978,CDU667,2024-02-01,,,NULO,,,False,1. VERDE,,,,,,,56,A2,8.261984,3007.0,,,,BR1,no,BR1,
AX-36070979,CFN628,2024-02-01,,,NULO,,,False,1. VERDE,,,,,,,48,B2,3.402354,1240.0,,,,BR1,no,BR1,
AX-6861308,BZZ580,2024-02-01,,,NULO,,,False,1. VERDE,,,,,,,36,C1,6.115569,2033.0,,,,BR1,no,BR1,
AX-8435965,CDN532,2024-02-01,,,NULO,,,False,1. VERDE,,,,,,,31,C2,4.529902,1523.0,,,,BR1,no,BR1,
AX-6427358,289,2024-02-01,,,NULO,,,False,1. VERDE,,,,,,,31,B2,6.293724,2750.5,,,,BR1,no,BR1,
AX-5667162,CSS396,2024-02-01,,,NULO,,,False,1. VERDE,,,,,,,79,B2,7.196835,2476.0,,,,BR1,no,BR1,
AX-14812952,DBE331,2024-02-01,,,NULO,,,False,1. VERDE,,,,,,,61,E,2.302522,1014.0,,,,BR1,no,BR1,
AX-3948839,CJD689,2024-02-01,,,NULO,,,False,1. VERDE,,,,,,,60,A2,7.730559,2729.0,,,,BR1,no,BR1,
AX-1663031,CJA660,2024-02-01,,,NULO,,,False,1. VERDE,,,,,,,65,B1,8.278283,7750.5,,,,BR1,no,BR1,
AX-1846185,W6R841,2024-02-01,,,NULO,,,False,1. VERDE,,,,,,,72,A2,4.495828,1513.0,,,,BR1,no,BR1,
AX-29003090,CEL640,2024-02-01,,,NULO,,,False,1. VERDE,,,,,,,33,C1,4.796542,1598.0,,,,BR1,no,BR1,
AX-463581,BUG363,2024-02-01,,,NULO,,,False,1. VERDE,,,,,,,49,C1,4.981512,1653.0,,,,BR1,no,BR1,
AX-4384835,CDZ523,2024-02-01,,,NULO,,,False,1. VERDE,,,,,,,75,B2,4.354541,1475.0,,,,BR1,no,BR1,
AX-21711363,CCU150,2024-02-01,,,NULO,,,False,1. VERDE,,,,,,,28,C1,8.358536,3060.0,,,,BR1,no,BR1,
AX-20842204,BTN807,2024-02-01,,,NULO,,,False,1. VERDE,,,,,,,21,D,2.866166,1124.0,,,,BR1,no,BR1,
AX-9987679,287,2024-02-01,,,NULO,,,False,1. VERDE,,,,,,,35,C1,8.567379,3179.0,,,,BR1,no,BR1,
AX-3603835,BYE104,2024-02-01,,,NULO,,,False,1. VERDE,,,,,,,49,B1,5.636259,8250.5,,,,BR1,no,BR1,
AX-1647111,CFB336,2024-02-01,,,NULO,,,False,1. VERDE,,,,,,,51,A2,11.572993,6750.5,,,,BR1,no,BR1,
AX-23242607,BKY897,2024-02-01,,,NULO,,,False,1. VERDE,,,,,,,38,D,4.380655,1482.0,,,,BR1,no,BR1,
AX-4280611,CEY220,2024-02-01,,,NULO,,,False,1. VERDE,,,,,,,56,B2,5.724389,1893.0,,,,BR1,no,BR1,
AX-7889994,S8S273,2024-02-01,,,NULO,,,False,1. VERDE,,,,,,,44,C1,4.334524,1469.0,,,,BR1,no,BR1,
AX-33775413,BRK795,2024-02-01,,,NULO,,,False,1. VERDE,,,,,,,26,C2,3.185981,1192.0,,,,BR1,no,BR1,
AX-13378113,Z7D523,2024-02-01,,,NULO,,,False,1. VERDE,,,,,,,51,C1,4.346597,1473.0,,,,BR1,no,BR1,
AX-32925553,Y2,2024-02-01,,,NULO,,,False,1. VERDE,,,,,,,32,C1,4.715552,1575.0,,,,BR1,no,BR1,
AX-27817481,A2J896,2024-02-01,,,NULO,,,False,1. VERDE,,,,,,,30,C1,2.681525,2250.5,,,,BR1,no,BR1,
AX-1544142,BKF049,2024-02-01,,,NULO,,,False,1. VERDE,,,,,,,52,C1,6.458377,2164.0,,,,BR1,no,BR1,
AX-2663678,P4C645,2024-02-01,,,NULO,,,False,1. VERDE,,,,,,,57,C1,6.742916,2279.0,,,,BR1,no,BR1,
AX-7181996,F8J066,2024-02-01,,,NULO,,,False,1. VERDE,,,,,,,53,C1,6.468853,2168.0,,,,BR1,no,BR1,
AX-11543818,T7B093,2024-02-01,,,NULO,,,False,1. VERDE,,,,,,,34,C2,6.49633,2179.0,,,,BR1,no,BR1,
PE-DNI-48269504-19930329,W5G387,2024-02-01,,,NULO,,,False,1. VERDE,,,,,,,30,D,4.678657,1564.0,,,,BR1,no,BR1,
AX-4521868,CHJ564,2024-02-01,,,NULO,,,False,1. VERDE,,,,,,,45,A2,7.161674,18500.5,,,,BR1,no,BR1,
AX-6633052,BUQ240,2024-02-01,,,NULO,,,False,1. VERDE,,,,,,,42,A2,8.078171,8750.5,,,,BR1,no,BR1,
AX-8701280,Z6R666,2024-02-01,,,NULO,,,False,1. VERDE,,,,,,,36,C1,4.888278,1950.5,,,,BR1,no,BR1,
AX-9210043,BJ0775,2024-02-01,,,NULO,,,False,1. VERDE,,,,,,,40,A2,7.153774,8750.5,,,,BR1,no,BR1,
AX-4178811,BUV946,2024-02-01,,,NULO,,,False,1. VERDE,,,,,,,38,A2,4.085868,1404.0,,,,BR1,no,BR1,
AX-17125200,BHC754,2024-02-01,,,NULO,,,False,1. VERDE,,,,,,,28,D,2.61145,1073.0,,,,BR1,no,BR1,
AX-33537199,MBE629,2024-02-01,,,NULO,,,False,1. VERDE,,,,,,,53,A2,9.288753,3626.0,,,,BR1,no,BR1,
AX-5585119,M2O623,2024-02-01,,,NULO,,,False,1. VERDE,,,,,,,36,B1,4.551507,8750.5,,,,BR1,no,BR1,
AX-5491076,BRY728,2024-02-01,,,NULO,,,False,1. VERDE,,,,,,,53,B2,6.553493,2202.0,,,,BR1,no,BR1,
AX-11532515,AEJ358,2024-02-01,AUTOMOVIL,CHEVROLET,SAIL,2014.0,,False,1. VERDE,,,,,,,28,C1,5.249149,1736.0,,,,AR,no,AR,
AX-5876551,AUR763,2024-02-01,CAMION,JAC,X200,2017.0,,False,1. VERDE,,,,,,,40,C1,5.582179,1845.0,,,,BR1,no,BR1,
AX-33412362,BWZ144,2024-02-01,CAMIONETA,HYUNDAI,CRETA,2021.0,,False,1. VERDE,,,,,,,25,D,5.125793,1697.0,,,,BR1,no,BR1,
AX-32742436,Z3F875,2024-02-01,CAMIONETA,ISUZU,FARGO,1992.0,,False,1. VERDE,,,,,,,56,C1,3.999286,1382.0,,,,BR1,no,BR1,
AX-25482597,B7S747,2024-02-01,CAMIONETA,TOYOTA,HIACE,1990.0,,False,1. VERDE,,,,,,,33,C2,4.396354,1486.0,,,,BR1,no,BR1,
AX-36299082,DOK961,2024-02-01,CAMIONETA,TOYOTA,HIACE,2017.0,,False,1. VERDE,,,,,,,47,B2,6.22089,3250.5,,,,BR1,no,BR1,
AX-11382787,AYV629,2024-02-01,AUTOMOVIL,SUZUKI,IGNIS,2017.0,,False,1. VERDE,,,,,,,22,D,3.194652,1194.0,,,,BR1,no,BR1,
AX-1894930,W3P771,2024-02-01,CAMIONETA,DATSUN,LG720,1982.0,,False,1. VERDE,,,,,,,57,C1,3.456182,1252.0,,,,BR1,no,BR1,
AX-9467835,BEX195,2024-02-01,AUTOMOVIL,RENAULT,LOGAN,2018.0,,False,1. VERDE,,,,,,,49,C2,3.458617,1252.0,,,,RM,no,RM,
AX-7436847,W2T572,2024-02-01,AUTOMOVIL,RENAULT,LOGAN,2014.0,,False,1. VERDE,,,,,,,60,C1,5.347672,1767.0,,,,RM,no,RM,
AX-6027375,BTY315,2024-02-01,CAMIONETA,MG,MG ZS,2018.0,,False,1. VERDE,,,,,,,48,A2,8.943318,3404.0,,,,BR1,no,BR1,
AX-9571813,B5G141,2024-02-01,AUTOMOVIL,CHEVROLET,OPTRA,2011.0,,False,1. VERDE,,,,,,,56,B2,5.327967,1761.0,,,,RM,no,RM,
AX-2561363,AYR916,2024-02-01,CAMIONETA,RENAULT,OROCH,2018.0,,False,1. VERDE,,,,,,,61,C1,7.278127,2513.0,,,,RM,no,RM,
AX-6494887,A3N007,2024-02-01,AUTOMOVIL,SUZUKI,SWIFT,2006.0,,False,1. VERDE,,,,,,,32,B2,4.701176,4250.5,,,,AR,no,AR,
AX-28151076,BHY075,2024-02-01,AUTOMOVIL,NISSAN,VERSA,2018.0,,False,1. VERDE,,,,,,,30,D,4.911931,1632.0,,,,RM,no,RM,
AX-7414122,COT895,2024-02-01,AUTOMOVIL,TOYOTA,YARIS,2009.0,,False,1. VERDE,,,,,,,41,B1,6.312005,2107.0,,,,AR,no,AR,
AX-4761486,T3W272,2024-02-01,AUTOMOVIL,TOYOTA,YARIS,2016.0,,False,1. VERDE,,,,,,,45,E,2.558996,1063.0,,,,AR,no,AR,
AX-1939746,AUB443,2024-02-01,AUTOMOVIL,TOYOTA,YARIS,2016.0,,False,1. VERDE,,,,,,,44,C1,6.114874,2033.0,,,,AR,no,AR,
PE-DNI-47786965-19920707,BPE776,2024-02-01,CAMION,MITSUBISHI FUSO,CANTER,2022.0,,False,1. VERDE,,,,,,,31,D,2.994444,1151.0,,,,BR1,no,BR1,
AX-1926441,ATN397,2024-02-01,AUTOMOVIL,KIA,CERATO,2016.0,,False,1. VERDE,,,,,,,56,C1,6.221323,2073.0,,,,RM,no,RM,
AX-4129714,BCS579,2024-02-01,AUTOMOVIL,KIA,CERATO,2017.0,,False,1. VERDE,,,,,,,48,B2,6.934254,3750.5,,,,RM,no,RM,
PE-DNI-45637371-19890324,EUD866,2024-02-01,CAMIONETA,FIAT,DUCATO,2012.0,,False,1. VERDE,,,,,,,34,D,2.999004,1152.0,,,,BR1,no,BR1,
AX-5578094,V8R161,2024-02-01,CAMIONETA,FORD,ESCAPE,2017.0,,False,1. VERDE,,,,,,,33,A2,6.313383,12500.5,,,,BR1,no,BR1,
AX-8957289,X9G960,2024-02-01,CAMIONETA,RENAULT,MASTER,2016.0,,False,1. VERDE,,,,,,,39,C1,4.427727,1495.0,,,,RM,no,RM,
AX-19741248,AOH175,2024-02-01,AUTOMOVIL,NISSAN,SENTRA,1998.0,,False,1. VERDE,,,,,,,42,C1,6.252186,2084.0,,,,AR,no,AR,
AX-19223182,B6H605,2024-02-01,AUTOMOVIL,TOYOTA,COROLLA,1997.0,,False,1. VERDE,,,,,,,48,C1,4.46266,1504.0,,,,AR,no,AR,
AX-8804536,H2G680,2024-02-01,CAMIONETA,TOYOTA,COROLLA,2002.0,,False,1. VERDE,,,,,,,53,C1,3.8862,1354.0,,,,AR,no,AR,
AX-3319206,C8M696,2024-02-01,CAMIONETA,TOYOTA,COROLLA,2006.0,,False,1. VERDE,,,,,,,48,C1,4.349805,1473.0,,,,AR,no,AR,
AX-5022639,BWN241,2024-02-01,AUTOMOVIL,TOYOTA,COROLLA,2021.0,,False,1. VERDE,,,,,,,42,C1,4.568138,1533.0,,,,AR,no,AR,
AX-9499235,D3M271,2024-02-01,AUTOMOVIL,TOYOTA,COROLLA,2004.0,,False,1. VERDE,,,,,,,39,C1,4.548434,1528.0,,,,AR,no,AR,
AX-32214411,AKM425,2024-02-01,AUTOMOVIL,TOYOTA,COROLLA,2015.0,,False,1. VERDE,,,,,,,41,C2,3.113173,1176.0,,,,AR,no,AR,
AX-2540648,BPU350,2024-02-01,AUTOMOVIL,TOYOTA,COROLLA,2009.0,,False,1. VERDE,,,,,,,59,C2,3.242845,1204.0,,,,AR,no,AR,
AX-3831191,D6F434,2024-02-01,AUTOMOVIL,HYUNDAI,ELANTRA,2012.0,,False,1. VERDE,,,,,,,48,C1,7.56735,2649.0,,,,RM,no,RM,
AX-484411,F1H106,2024-02-01,AUTOMOVIL,MAZDA,MAZDA 3,2013.0,,False,1. VERDE,,,,,,,50,B2,5.93726,1968.0,,,,AR,no,AR,
AX-2619119,BTU134,2024-02-01,CAMIONETA,MITSUBISHI,MONTERO,2021.0,,False,1. VERDE,,,,,,,43,C1,5.336787,1764.0,,,,BR1,no,BR1,
AX-4072469,AHH218,2024-02-01,AUTOMOVIL,KIA,PICANTO,2014.0,,False,1. VERDE,,,,,,,45,B2,6.314296,2108.0,,,,RM,no,RM,
AX-4071178,CDF532,2024-02-01,AUTOMOVIL,KIA,PICANTO,2023.0,,False,1. VERDE,,,,,,,34,B2,4.495565,1513.0,,,,RM,no,RM,
AX-3237647,BUC349,2024-02-01,CAMIONETA,CHERY,TIGGO 2,2021.0,,False,1. VERDE,,,,,,,24,C1,3.560771,1276.0,,,,BR1,CHINOS,BR1,
AX-8535114,ASZ619,2024-02-01,CAMIONETA,NISSAN,X-TRAIL,2016.0,,False,1. VERDE,,,,,,,44,B2,6.964737,2373.0,,,,BR2,no,BR2,
AX-29975611,ALF679,2024-02-01,CAMIONETA,NISSAN,X-TRAIL,2015.0,,False,1. VERDE,,,,,,,42,A2,14.021792,8594.0,,,,BR2,no,BR2,
AX-33861066,BZX178,2024-02-01,CAMIONETA,FORD,EXPLORER,2022.0,,False,1. VERDE,,,,,,,38,A2,9.580664,3824.0,,,,BR1,no,BR1,
AX-3820083,AMI881,2024-02-01,CAMION,VOLVO,FH 6X4 T,2016.0,,False,1. VERDE,,,,,,,49,C1,4.260923,1450.0,,,,BR1,no,BR1,
AX-30560914,ARN066,2024-02-01,CAMIONETA,KIA,SPORTAGE,2016.0,,False,1. VERDE,,,,,,,50,B1,16.327618,13084.0,,,,BR2,no,BR2,
AX-4196246,AYC083,2024-02-01,CAMIONETA,KIA,SPORTAGE,2017.0,,False,1. VERDE,,,,,,,52,B1,6.608057,2224.0,,,,BR2,no,BR2,
AX-5557835,ANB362,2024-02-01,CAMIONETA,KIA,SPORTAGE,2015.0,,False,1. VERDE,,,,,,,31,C1,7.610991,2670.0,,,,BR2,no,BR2,
AX-24597017,F0B109,2024-02-01,AUTOMOVIL,TOYOTA,SPRINTER,1997.0,,False,1. VERDE,,,,,,,29,D,3.501874,1262.0,,,,BR1,no,BR1,
AX-13764546,C9B751,2024-02-01,CAMIONETA,NISSAN,TLG720 T,1985.0,,False,1. VERDE,,,,,,,27,D,4.033066,1391.0,,,,BR1,no,BR1,
AX-5347921,AGK054,2024-02-01,AUTOMOVIL,VOLKSWAGEN,VENTO CL,1996.0,,False,1. VERDE,,,,,,,47,C1,4.836206,1610.0,,,,BR1,no,BR1,
AX-1707403,BDA738,2024-02-01,CAMIONETA,GREAT WALL,WINGLE 5,2020.0,,False,1. VERDE,,,,,,,61,B2,8.42041,5250.5,,,,BR1,CHINOS,BR1,
AX-13214934,A1O673,2024-02-01,CAMIONETA,NISSAN,AD EXPERT,2007.0,,False,1. VERDE,,,,,,,33,B2,6.675178,2251.0,,,,BR1,no,BR1,
AX-4237775,T0J816,2024-02-01,CAMION,CHEVROLET,N300 WORK,2019.0,,False,1. VERDE,,,,,,,36,C1,6.029095,2250.5,,,,RM,no,RM,
AX-8046662,A6P171,2024-02-01,CAMIONETA,MITSUBISHI,PAJERO ZR,1999.0,,False,1. VERDE,,,,,,,44,A2,10.598036,4603.0,,,,BR1,no,BR1,
AX-4633116,AXA877,2024-02-01,CAMION,HYUNDAI,H100 TRUCK,2018.0,,False,1. VERDE,,,,,,,46,C2,3.304986,1218.0,,,,BR1,no,BR1,
AX-10846602,P1I818,2024-02-01,CAMIONETA,ISUZU,KB 26LA4X2,1982.0,,False,1. VERDE,,,,,,,66,C1,3.640269,1295.0,,,,BR1,no,BR1,
AX-4288668,W5C887,2024-02-01,CAMION,JINSTAR,BJ1041H4E4Y,2009.0,,False,1. VERDE,,,,,,,45,C1,5.335176,1763.0,,,,BR1,no,BR1,
AX-2491163,AVA638,2024-02-01,CAMIONETA,SSANG YONG,NEW KORANDO,2016.0,,False,1. VERDE,,,,,,,44,B1,6.588509,2216.0,,,,BR1,no,BR1,
AX-3372136,B6X048,2024-02-01,AUTOMOVIL,NISSAN,BAMAGAB13SW01,1992.0,,False,1. VERDE,,,,,,,47,A2,7.58571,5250.5,,,,BR1,no,BR1,
AX-4179962,BDJ926,2024-02-01,CAMION,JMC,CARRYING PLUS,2020.0,,False,1. VERDE,,,,,,,39,C1,5.689845,1881.0,,,,BR1,no,BR1,
AX-8984536,ALJ635,2024-02-01,,MERCEDESBENZ,GL 500 4MATIC,2015.0,,False,1. VERDE,,,,,,,40,B1,8.143655,2943.0,,,,BR1,no,BR1,
AX-7134981,A3F646,2024-02-01,AUTOMOVIL,NISSAN,BAMALBFB13SW01,1995.0,,False,1. VERDE,,,,,,,37,E,3.222961,1200.0,,,,BR1,no,BR1,
AX-4983402,F3N174,2024-02-01,AUTOMOVIL,NISSAN,BAYALGFB13SW11,1994.0,,False,1. VERDE,,,,,,,35,B2,4.78418,3750.5,,,,BR1,no,BR1,
AX-11400966,BDF144,2024-02-01,AUTOMOVIL,TOYOTA,STARLET SOLEIL,1994.0,,False,1. VERDE,,,,,,,41,B2,6.228274,3750.5,,,,BR1,no,BR1,
AX-23851256,F3B394,2024-02-01,AUTOMOVIL,TOYOTA,STARLET SOLEIL,1994.0,,False,1. VERDE,,,,,,,70,B2,5.867822,1943.0,,,,BR1,no,BR1,
AX-33642577,X3T493,2024-02-01,AUTOMOVIL,TOYOTA,TERCEL 1.3 STD,1997.0,,False,1. VERDE,,,,,,,22,D,2.740928,1099.0,,,,BR1,no,BR1,
AX-4021455,D2G962,2024-02-01,,MERCEDESBENZ,O500 RSD 243630,2015.0,,False,1. VERDE,,,,,,,40,A2,6.157964,3250.5,,,,BR1,no,BR1,
AX-33022117,D3I784,2024-02-01,CAMIONETA,NISSAN,CVPULCFD21NWLRAF,1996.0,,False,1. VERDE,,,,,,,41,C1,4.699786,1571.0,,,,BR1,no,BR1,
AX-8853511,D8T037,2024-02-01,CAMIONETA,LAND ROVER,RANGE ROVER EVOQUE,2013.0,,False,1. VERDE,,,,,,,29,B2,5.974184,1981.0,,,,BR1,no,BR1,
AX-33796650,CBO670,2024-02-01,CAMIONETA,HYUNDAI,TUCSON 20 GL 4X4 CRDI,2005.0,,False,1. VERDE,,,,,,,30,D,4.683945,1566.0,,,,BR1,no,BR1,
AX-13394029,ABV777,2024-02-01,CAMIONETA,VOLKSWAGEN,AMAROK 20 BITDI TRENDLINE 4X4,2013.0,,False,1. VERDE,,,,,,,33,C1,5.681584,1878.0,,,,BR1,no,BR1,
AX-5621330,B3Y416,2024-02-01,AUTOMOVIL,MERCEDES BENZ,G,2010.0,,False,1. VERDE,,,PERDIDA,1.0,,0.0,45,B2,6.78798,2298.0,0.0,0.0,0.0,BR1,no,BR1,
AX-5491708,ASD191,2024-02-01,AUTOMOVIL,SUZUKI,RIO,2016.0,,False,1. VERDE,,,NORMAL,2.0,,0.0,47,B1,5.714583,6750.5,0.0,0.0,0.0,RM,no,RM,
AX-8750445,AUP428,2024-02-01,CAMIONETA,HONDA,CR-V,2016.0,,False,1. VERDE,,,NORMAL,1.0,,0.0,53,C1,5.145855,1450.5,0.0,0.0,0.0,BR2,no,BR2,
AX-10294695,M5M347,2024-02-01,,,NULO,,,False,1. VERDE,,,NORMAL,1.0,,0.0,45,B1,7.198256,7750.5,0.0,0.0,0.0,BR1,no,BR1,
AX-1651454,GTB728,2024-02-01,,,NULO,,,False,1. VERDE,,,PERDIDA,1.0,,0.0,72,B2,5.580824,1844.0,0.0,0.0,0.0,BR1,no,BR1,
AX-36935550,CFG168,2024-02-01,,,NULO,,,False,1. VERDE,,,NORMAL,1.0,,0.0,55,C1,3.402263,1240.0,0.0,0.0,0.0,BR1,no,BR1,
AX-33040101,CDB585,2024-02-01,,,NULO,,,False,1. VERDE,,,NORMAL,1.0,,0.0,32,C1,6.771315,2291.0,0.0,0.0,0.0,BR1,no,BR1,
PE-DNI-42641623-19841008,Z7H524,2024-02-01,,,NULO,,,False,1. VERDE,,,NORMAL,1.0,,0.0,39,C1,3.225178,1200.0,0.0,0.0,0.0,BR1,no,BR1,
AX-3635525,VAV340,2024-02-01,,,NULO,,,False,1. VERDE,,,NORMAL,1.0,,0.0,62,B2,6.523281,2190.0,0.0,0.0,0.0,BR1,no,BR1,
AX-9678872,VBO240,2024-02-01,,,NULO,,,False,1. VERDE,,,PERDIDA,1.0,,0.0,41,B2,7.575817,2653.0,0.0,0.0,0.0,BR1,no,BR1,
AX-28143330,CVB521,2024-02-01,,,NULO,,,False,1. VERDE,,,NORMAL,1.0,,0.0,42,B1,8.373669,5250.5,0.0,0.0,0.0,BR1,no,BR1,
AX-3671274,BJW764,2024-02-01,,,NULO,,,False,1. VERDE,,,NORMAL,1.0,,0.0,59,C1,8.92704,3394.0,0.0,0.0,0.0,BR1,no,BR1,
AX-25380093,BPV846,2024-02-01,,,NULO,,,False,1. VERDE,,,NORMAL,1.0,,0.0,7,,,,,,,BR1,no,BR1,
AX-6072752,CDE268,2024-02-01,,,NULO,,,False,1. VERDE,,,NORMAL,2.0,,0.0,68,B1,7.436785,5750.5,0.0,0.0,0.0,BR1,no,BR1,
AX-23273480,CCX574,2024-02-01,,,NULO,,,False,1. VERDE,,,NORMAL,2.0,,0.0,35,B2,5.499361,1950.5,0.0,0.0,0.0,BR1,no,BR1,
AX-10744803,CDQ691,2024-02-01,,,NULO,,,False,1. VERDE,,,NORMAL,2.0,,0.0,68,B2,6.870959,2333.0,0.0,0.0,0.0,BR1,no,BR1,
AX-33193251,BPI244,2024-02-01,,,NULO,,,False,1. VERDE,,,NORMAL,2.0,,0.0,52,C1,5.287715,1748.0,0.0,0.0,0.0,BR1,no,BR1,
AX-25540085,AXR770,2024-02-01,CAMIONETA,TOYOTA,HILUX,2018.0,,False,1. VERDE,,,NORMAL,1.0,,0.0,38,B2,6.127744,2038.0,0.0,0.0,0.0,BR1,no,BR1,
AX-161269,X3S911,2024-02-01,CAMIONETA,TOYOTA,HILUX,2015.0,,False,1. VERDE,,,NORMAL,2.0,,0.0,49,C1,5.987908,1986.0,0.0,0.0,0.0,BR1,no,BR1,
AX-13131277,ALZ343,2024-02-01,CAMIONETA,RENAULT,DUSTER,2015.0,,False,1. VERDE,,,NORMAL,2.0,,0.0,55,C1,4.980354,1653.0,0.0,0.0,0.0,RM,no,RM,
AX-32149903,X1U465,2024-02-01,OMNIBUS,VOLKSWAGEN,9150 OD,2005.0,,False,1. VERDE,,,NORMAL,1.0,,0.0,34,C1,9.396245,3698.0,0.0,0.0,0.0,BR1,no,BR1,
AX-33764087,BCO321,2024-02-01,AUTOMOVIL,KIA,PICANTO,2017.0,,False,1. VERDE,,,NORMAL,1.0,,0.0,47,B1,8.997181,3438.0,0.0,0.0,0.0,RM,no,RM,
AX-3089952,AJE051,2024-02-01,CAMIONETA,NISSAN,QASHQAI,2015.0,,False,1. VERDE,,,NORMAL,1.0,,0.0,25,C1,6.523898,2250.5,0.0,0.0,0.0,BR1,no,BR1,
AX-4346215,ALW499,2024-02-01,CAMIONETA,VOLKSWAGEN,CROSSFOX,2015.0,,False,1. VERDE,,,NORMAL,3.0,,0.0,59,A1,12.533594,9750.5,0.0,0.0,0.0,BR1,no,BR1,
AX-2390615,AUN429,2024-02-01,CAMIONETA,FORD,EXPLORER,2016.0,,False,1. VERDE,,,NORMAL,1.0,,0.0,44,B1,9.139157,3528.0,0.0,0.0,0.0,BR1,no,BR1,
AX-13767809,BNP781,2024-02-01,CAMIONETA,NISSAN,FRONTIER,2021.0,,False,1. VERDE,,,NORMAL,3.0,,0.0,48,B2,6.929778,2358.0,0.0,0.0,0.0,BR1,no,BR1,
AX-22520723,D0G337,2024-02-01,CAMIONETA,KIA,SPORTAGE,2013.0,,False,1. VERDE,,,PERDIDA,1.0,,0.0,70,B2,6.110129,2031.0,0.0,0.0,0.0,BR2,no,BR2,
AX-2341556,AJQ841,2024-02-01,CAMION,JAC,HFC1083KN,2015.0,,False,1. VERDE,,,NORMAL,1.0,,0.0,42,B2,8.150654,2250.5,0.0,0.0,0.0,BR1,no,BR1,
AX-16222079,ASW703,2024-02-01,REMOLCADOR,SCANIA,R460 A6X4,2017.0,,False,1. VERDE,,,NORMAL,1.0,,0.0,35,C1,7.883748,2806.0,0.0,0.0,0.0,BR1,no,BR1,
AX-14111396,BHN710,2024-02-01,,SINOTRUCK HOWO,ZZ1167G471CD1,2020.0,,False,1. VERDE,,,DEFICIENTE,1.0,,0.0,25,D,2.724516,1096.0,0.0,0.0,0.0,BR1,no,BR1,
AX-8822319,BPS936,2024-02-01,CAMION,SINOTRUK,ZZ3257N364HE1,2022.0,,False,1. VERDE,,,PERDIDA,2.0,,0.0,32,C2,5.060841,1677.0,0.0,0.0,0.0,BR1,no,BR1,
